index	label	sentence	POS	numOfMetaphor
a1k-fragment02 41	0 0 0 0 0	Can't fail to be entertaining.	VERB VERB PART VERB ADJ	0
cdb-fragment04 907	0 0 0 0 0 0 0 0	How much was he going to tell her?	ADV ADJ VERB PRON VERB PART VERB PRON	0
ac2-fragment06 1520	0 0 1 0 1 0 0 0 0 0 0 0 1 0 0 0 0 0	Up until that news hit the Committee, Don had won the day with his UK Vehicle Division proposals.	ADP ADP DET NOUN VERB DET PROPN PROPN VERB VERB DET NOUN ADP ADJ PROPN PROPN PROPN NOUN	3
kbc-fragment13 5871	0 0 0 0 0 0 0 0 0 0 0 0	Could go on to the rugby and go with them couldn't he?	VERB VERB PART ADP DET NOUN CCONJ VERB ADP PRON VERB PRON	0
ahb-fragment51 734	0 0 0 0 0 0 0 1 1 0 0 0 0 1	Finally, we went to the office and they gave us a cheque, which bounced.	ADV PRON VERB ADP DET NOUN CCONJ PRON VERB PRON DET NOUN ADJ VERB	3
acj-fragment01 98	0 0 0 1 0 0 0 0 0 0 1 0 0 0 0 0 0 0 0 0 0 0 0 1 0	It must be shown that the defendant intended( which, again, includes both purpose and awareness of practical certainty) to cause really serious injury to someone.	PRON VERB VERB VERB ADP DET NOUN VERB ADJ ADV VERB DET NOUN CCONJ NOUN ADP ADJ NOUN PART VERB ADV ADJ NOUN ADP NOUN	3
ac2-fragment06 1508	0 0 0 0 0 0 0 0	The Englishman nodded and poured himself more coffee.	DET PROPN VERB CCONJ VERB PRON ADJ NOUN	0
ccw-fragment03 1603	0 0	I demanded.	PRON VERB	0
b1g-fragment02 1243	0 0 0 0 0 0 0 0 0 0 0 0 0 0 0 0 0 0 0 0 0 0 0 0 0 0 0 0 0 0 0 0 0 0 0 0 0	What is not known is information on the locations of former sites, at which quite toxic materials may have been dumped, though recent work by Egger( 1989) in Austria has mapped a vast number of such sites.	NOUN VERB ADV VERB VERB NOUN ADP DET NOUN ADP ADJ NOUN ADP ADJ ADV ADJ NOUN VERB VERB VERB VERB ADP ADJ NOUN ADP PROPN NUM ADP PROPN VERB VERB DET ADJ NOUN ADP ADJ NOUN	0
kbd-fragment07 2466	1 0 0 0	That's getting in the	DET VERB ADP DET	1
fet-fragment01 20	0 1 0 1 0 0 0 0 0 0 0 1 0 1 0 1	He had trouble finding an appropriate language for the painter's obsession with the illuminated material world.	PRON VERB NOUN VERB DET ADJ NOUN ADP DET NOUN NOUN ADP DET VERB NOUN NOUN	5
bpa-fragment14 2187	0 0 0 0 1 0	And yet he'd disappeared, without trace.	CCONJ ADV PRON VERB ADP NOUN	1
kbw-fragment04 2395	0 0 0 0 0 0 0 0 0 0 0	Why didn't you want to buy the same one again mum?	ADV VERB PRON VERB PART VERB DET ADJ NUM ADV ADJ	0
c8t-fragment01 17	0 0 0 0 0 0 0 1 0 0 0 0 0 0 0 0 0 0 0 0 0 0 0 0 0 0 0 0 0 0 0 1 0 0 0 0 0 0 0 0 0 0 0 0 0 0 0	It was a substantial, two-storey, L-shaped house standing to the east of the track with walls partly flint and partly rendered, enclosing at the rear a courtyard of York stone which gave an uninterrupted view over fifty yards of scrub to the grassy dunes and the sea.	PRON VERB DET ADJ NOUN VERB NOUN VERB ADP DET NOUN ADP DET NOUN ADP NOUN ADV VERB CCONJ ADV VERB VERB ADP DET NOUN DET NOUN ADP PROPN NOUN ADJ VERB DET ADJ NOUN ADP NUM NOUN ADP NOUN ADP DET ADJ NOUN CCONJ DET NOUN	2
a2d-fragment05 34	0 0 0 0 0 1 0 1 1 1	Now, however, it seems, the wheel has turned full circle.	ADV ADV PRON VERB DET NOUN VERB VERB ADJ NOUN	4
kbd-fragment07 2711	0 0 0 0 0 0 0 0 0 0 0 0 0 0 0 0 0 0 0 0 0 0 0 1 0 1 1	They've been to his little boy's primary school, interviewed the teachers and headmistress and all the school friends and everything just trying to get a dirty story.	PRON VERB ADP ADJ ADJ NOUN ADJ NOUN VERB DET NOUN CCONJ NOUN CCONJ ADJ DET NOUN NOUN CCONJ NOUN ADV VERB PART VERB DET ADJ NOUN	3
kcv-fragment42 4641	0 0	Isobel wants	PROPN VERB	0
cdb-fragment02 361	0 0 0 0 0 0 1 0 0 0	They were expensive to buy and came a day late.	PRON VERB ADJ PART VERB CCONJ VERB DET NOUN ADV	1
ahf-fragment63 1226	0 0 0 0 0 0 0 0 0 0 1 0 1 0 1 0 0 0 0 0 0 1 0 0 0 0 1	Sir David English was not informed of the visit and in consequence had no plans to attend the Ideal Home Exhibition that day, the official statement announced.	PROPN PROPN PROPN VERB ADV VERB ADP DET NOUN CCONJ ADP NOUN VERB DET NOUN PART VERB DET PROPN PROPN NOUN DET NOUN DET ADJ NOUN VERB	5
amm-fragment02 1664	0 0 0 0 0 0 0 0 0 0 0 0 0 0 0 0 0 0 1 1 0	The outline of the soft parts are also clearly displayed, so that the animal has been preserved almost in frozen motion.	DET NOUN ADP DET ADJ NOUN VERB ADV ADV VERB ADP ADP DET NOUN VERB VERB VERB ADV ADP ADJ NOUN	2
a1f-fragment10 179	0 0 0 0 0 0 0 0 0 0 0 0 0 0 0 0 0 0 0 0 0 0 0 0 0 0 0 0 0 0 0 0 0 0 0 0 0 0 0 0 0 0 0 0 0 0 0 1 0 1 0 0 0 0 0 0 0 0 1 0 0 0 0 1 1	Given the already appalling and growing rate of homelessness and lack of hostel facilities in London, when more people than ever will not only have to endure the freezing nights of the coming winter on the streets, but perhaps permanent homelessness, it was terrible to see the situation being exploited for a joke by your advertisement: Just the thing now the evenings are drawing in.	VERB DET ADV ADJ CCONJ VERB NOUN ADP NOUN CCONJ NOUN ADP NOUN NOUN ADP PROPN ADV ADJ NOUN ADP ADV VERB ADV ADV VERB PART VERB DET VERB NOUN ADP DET VERB NOUN ADP DET NOUN CCONJ ADV ADJ NOUN PRON VERB ADJ PART VERB DET NOUN VERB VERB ADP DET NOUN ADP ADJ NOUN ADV DET NOUN ADV DET NOUN VERB VERB ADV	5
fpb-fragment01 1207	0 0 0 1 0 1 0 0 0 0 0 0 0 0 0 0 1 0 0 0 0 0 0 0 0 0 0 0 0 0 0 1	Elinor was sometimes at a loss for the right word, or name, and then became impatient with herself; she was often frustrated because she couldn't move as swiftly as she did before.	NOUN VERB ADV ADP DET NOUN ADP DET ADJ NOUN CCONJ NOUN CCONJ ADV VERB ADJ ADP PRON PRON VERB ADV ADJ ADP PRON VERB VERB ADV ADV ADP PRON VERB ADV	4
b1g-fragment02 1091	0 0 0 0 0 0 0 0 0 0 0 0 0 0 0 0 0 0 0 0 0 0 0 0 0 0 0 0 0 0 0	Fortunately, technical developments have ensured that the increase in computing power per unit cost has been growing at about an order of magnitude every 6 years over the last three decades.	ADV ADJ NOUN VERB VERB ADP DET NOUN ADP VERB NOUN ADP NOUN NOUN VERB VERB VERB ADP ADP DET NOUN ADP NOUN DET NUM NOUN ADP DET ADJ NUM NOUN	0
g0l-fragment01 377	0 0	He laughed.	PRON VERB	0
kbw-fragment17 6281	0 0 0 1 0 0 0 1 0 0 1 0 0 0	and it does mean that they can relax you know about work and everything	CCONJ PRON VERB VERB ADP PRON VERB VERB PRON VERB ADP NOUN CCONJ NOUN	3
kb7-fragment10 2253	0 0 0 0 0 0 1 0 0 0 0 0 0 0 0	You know I mean other than that, no I mean it it's not as if	PRON VERB PRON VERB ADJ ADP DET INTJ PRON VERB PRON PRON ADV ADP ADP	1
fpb-fragment01 1371	0 0 0 0 0 0 0 0 0 0 0 0 0 0 0 0 0 0 0	She was in hospital for six weeks, and I was the only one who knew it wasn't an accident.	PRON VERB ADP NOUN ADP NUM NOUN CCONJ PRON VERB DET ADJ NUM NOUN VERB PRON VERB DET NOUN	0
clp-fragment01 745	0 0 0 0 0 0 0 0 1 1 0 0 0 0 0 0 0 0 0 0 1 1 0 1 1 1	Task analysis has not and can not be reduced to a set of standardised procedures which the aspiring analyst could acquire in a formal training course.	NOUN NOUN VERB ADV CCONJ VERB ADV VERB VERB ADP DET NOUN ADP ADJ NOUN ADJ DET VERB NOUN VERB VERB ADP DET ADJ NOUN NOUN	7
a7y-fragment03 203	0 0 0 0 1 0 0 1 1 1 0 0 0 0 0 0 0 0 0 0 0 0 0 0 1 0 0 1 0 0 0 0 0 0 0 0 0 0 0 0 0 0 0 0 0 0 0 0	It was surely repugnant to commonsense that in this area of legal activity a local authority should be prosecuted by one of its tenants without first being given the opportunity by that tenant to remedy the consequences of a neglect to repair the dwelling that the tenant occupied.	PRON VERB ADV ADJ ADP VERB DET ADP DET NOUN ADP ADJ NOUN DET ADJ NOUN VERB VERB VERB ADP NUM ADP ADJ NOUN ADP ADV VERB VERB DET NOUN ADP DET NOUN PART VERB DET NOUN ADP DET NOUN PART VERB DET NOUN ADP DET NOUN VERB	6
g0l-fragment01 218	0 0 0 0 0 1 1 0 1 1 1 0 0 0 1 0 0	They didn't want the Yanks stumbling in and screwing up in an attempt to force the issue.	PRON VERB VERB DET PROPN VERB ADP CCONJ VERB PART ADP DET NOUN PART VERB DET NOUN	6
kcf-fragment14 1434	0 0 0 0 0 1 0 0 0 0	And don't forget we're going down the fracture clinic Alison!	CCONJ VERB VERB PRON VERB ADP DET ADJ NOUN PROPN	1
cb5-fragment02 3261	0 0 0 0 0 0 0 0	I'm afraid it's true, Mrs Carson told them.	PRON ADJ PRON ADJ PROPN PROPN VERB PRON	0
kbw-fragment04 2695	0 0 0 0 0 0 0 0	You're going to watch Rosie and Jim dear.	PRON VERB PART VERB PROPN CCONJ PROPN NOUN	0
kbh-fragment02 236	0 0 0 0 1 0 0 0 0 0 0 0	Charlotte please don't talk with your mouth full, there's a good girl.	PROPN INTJ VERB VERB ADP ADJ NOUN ADJ ADV DET ADJ NOUN	1
kbw-fragment42 14920	0 0 0 0 0 0 0 0 0 0 0	When we've had half a whole, I'm thinking half a whole	ADV PRON VERB ADJ DET NOUN PRON VERB ADJ DET NOUN	0
ea7-fragment03 846	0 0 0 0 0 1 0 0 0 0 0 0 1 0 0 0 0 0 0 0 0 1 0 0 0 0 0 0 0 0 1 0 0 0 0 0 0 1 1 0 0 0 0 0 0 0 0 0 0 1 0 0 0 0 0	He became Robert of Jerusalem to his contemporaries; his deeds were recorded in the Song of Antioch; his pious bravery totally expunged the memory of Robert the Frisian's usurpation; and after his death his son Baldwin VII harped on his father's achievement to justify his substantial use of coercion against the enemies of the church.	PRON VERB PROPN ADP PROPN ADP ADJ NOUN ADJ NOUN VERB VERB ADP DET PROPN ADP PROPN ADJ ADJ NOUN ADV VERB DET NOUN ADP PROPN DET PROPN NOUN CCONJ ADP ADJ NOUN ADJ NOUN PROPN PROPN VERB ADP ADJ NOUN NOUN PART VERB ADJ ADJ NOUN ADP NOUN ADP DET NOUN ADP DET NOUN	7
ab9-fragment03 986	0 0 1 1 0 0 1 0 0 0 0 0 0 0 0 0 0 1 1 0 1 0 0	You are letting this disappointment and that's all it is, you're still a very well-off young woman get in the way of everything.	PRON VERB VERB DET NOUN CCONJ DET DET PRON VERB PRON ADV DET ADV PART ADJ NOUN VERB ADP DET NOUN ADP NOUN	6
fet-fragment01 79	0 0 0 0 0 0 0 0 0 1 0 0 0 1 0	Under his arm he carried a folded newspaper with that day's headline: PEACE MOTHER DIES.	ADP ADJ NOUN PRON VERB DET VERB NOUN ADP DET NOUN NOUN PROPN PROPN VERB	2
kcv-fragment42 4497	0 0 0 0 0 0	Eating eating all day long overlap	VERB VERB DET NOUN ADJ NOUN	0
fpb-fragment01 1101	0 0 0 0 1 0 0 0 1 0 0 0	You never want to make a man the centre of your existence.	PRON ADV VERB PART VERB DET NOUN DET NOUN ADP ADJ NOUN	2
b1g-fragment02 1157	0 0 0 0 0 0 0 0 0 0 0 0 0 0 0 0 0 0 0 0 0 0 0 0 0	In these circumstances, it is scarcely surprising that there is evidence of international and interdisciplinary dispute, as Terney( 1989) has chronicled in regard to IGBP.	ADP DET NOUN PRON VERB ADV ADJ ADP ADV VERB NOUN ADP ADJ CCONJ ADJ NOUN ADP PROPN NUM VERB VERB ADP NOUN ADP NOUN	0
clp-fragment01 762	1 0 0 1 0 0 0 1 0 0 1 0 0 0 0 0 0	Those not involved find it difficult to gain very much from a presentation of a task description.	DET ADV VERB VERB PRON ADJ PART VERB ADV ADV ADP DET NOUN ADP DET NOUN NOUN	4
kb7-fragment10 2148	0 0 0 0 0 0 0 0 0 0 0 0 0 0 0 0 0 0 0 1 0 1	I mean I did have some of the boxes in there until I sort of, thought while I was sorting things out.	PRON VERB PRON VERB VERB DET ADP DET NOUN ADP ADV ADP PRON ADV ADV VERB ADP PRON VERB VERB NOUN PART	2
ac2-fragment06 1507	0 0 0 0 0 0 1	But I can understand how you feel.	CCONJ PRON VERB VERB ADV PRON VERB	1
c8t-fragment01 40	0 0 0 0 0 0 0 0 0 0 1 0 0 0 0 0 0 0 0 0 0	It was, he judged, almost twenty feet long and obviously served the triple purpose of sitting room, working place and office.	PRON VERB PRON VERB ADV NUM NOUN ADJ CCONJ ADV VERB DET ADJ NOUN ADP VERB NOUN VERB NOUN CCONJ NOUN	1
c8t-fragment01 48	0 0 0 1 0 0 0 0 0 0 0 0 1 0 0 0 1 0 0 0 0 0 1 0 1 0 0 0 0 1 0 1 0 0 0 1 0 0 0 0 0 0 0 0 0 0 1 0 1 0 0 0 0 0 0 0 0	Was it the faint smell of herbs and newly baked dough, the soft ticking of the wall-mounted clock which seemed both to mark the passing seconds and yet to hold time in thrall, the rhythmic moaning of the sea through the half-open door, the sense of well-fed ease conveyed by the two cushioned armchairs, the open hearth?	VERB PRON DET ADJ NOUN ADP NOUN CCONJ ADV VERB NOUN DET ADJ NOUN ADP DET VERB NOUN ADJ VERB DET PART VERB DET VERB NOUN CCONJ ADV PART VERB NOUN ADP NOUN DET ADJ NOUN ADP DET NOUN ADP DET ADJ NOUN DET NOUN ADP VERB NOUN VERB ADP DET NUM VERB NOUN DET ADJ NOUN	10
a1n-fragment18 345	0 0 0 0 0 1 0 0 0 1 0 0 1	Had either of the teams won, they would have taken the League leadership.	VERB DET ADP DET NOUN VERB PRON VERB VERB VERB DET PROPN NOUN	3
a7s-fragment03 67	0 0 0 0 1 0 0 0 0 0 0 0 0 0 0 0 0 0 0 0 0 0	He described being taken over the years to see his sick, and finally dying and almost certainly innocent father in another prison.	PRON VERB VERB VERB ADP DET NOUN PART VERB ADJ ADJ CCONJ ADV VERB CCONJ ADV ADV ADJ NOUN ADP DET NOUN	1
kbw-fragment42 15064	0	daddy	NOUN	0
cb5-fragment02 3198	0 0 0 0 0 0 0 0 0 0 0 0	She sat down and prepared to wait as long as was necessary.	PRON VERB PART CCONJ VERB PART VERB ADV ADV ADP VERB ADJ	0
ahc-fragment60 1246	0 0 0 0 0 0 0 0 1 0 0 1 0 0 0 0 1 0 0 0 0 1 0 0 0 0 0 0 0 0 0 0 0 0 1 0 0 0	A mile above the shepherd's hut the hillsides ceased their upward rolling and curved together to form a dead-end valley of broad-breasted slopes five miles from the nearest tarmac road, hidden deep in the folds of the moors.	DET NOUN ADP DET NOUN VERB DET NOUN VERB ADJ ADJ NOUN CCONJ VERB ADV PART VERB DET NOUN NOUN ADP ADJ NOUN NUM NOUN ADP DET ADJ NOUN NOUN VERB ADV ADP DET NOUN ADP DET NOUN	5
amm-fragment02 1642	0 1 1 0 1 0 0 1 0 0 1 0 0 0 0 0 0 0 0 0 0 0 0 0 0 0 0 0 0 1 0 0 0 0 0 0	It turns out that our animal was able to see in almost every direction upwards, downwards, sideways and forwards, and even backwards, because the eyes bulged out beyond the line of the rest of the body.	PRON VERB PART ADP ADJ NOUN VERB ADJ PART VERB ADP ADV DET NOUN ADV ADV ADV CCONJ ADV CCONJ ADV ADV ADP DET NOUN VERB PART ADP DET NOUN ADP DET NOUN ADP DET NOUN	6
a1h-fragment05 75	0 0 0 0 0 0 1 1 0 0 0 1 0 1 1 0 0 0 0 0 0 0 0 1 1 0 0	Like many young American composers he studied with Nadia Boulanger, but after 1925 set out to achieve the discipline of spontaneity which he found in Stein's writings.	ADP ADJ ADJ ADJ NOUN PRON VERB ADP PROPN PROPN CCONJ ADP NUM VERB PART PART VERB DET NOUN ADP NOUN ADJ PRON VERB ADP PROPN NOUN	7
fpb-fragment01 1086	0 0 0 0 0 0 0 0 0 0 1 1 0 0 0 0 0 0 1	As Gilda held out her glass to be refilled, she added reflectively, Although you seem more lonely than horny.	ADP PROPN VERB PART ADJ NOUN PART VERB VERB PRON VERB ADV ADP PRON VERB ADV ADJ ADP NOUN	3
b1g-fragment02 1093	0 0 0 0 0 0 0 0 0 0 0 0 0 0 0 0 0 0 0 0 0 0 0 0 0 0 0 0 0 0 0 0 0 0 0 0 0 0 0 0 0 0 0 0 0 0 0 0 0 0	Moreover, the advent of low-cost, high-density-storage devices like CD-ROMs may well make substantial data sets available even to those with modest computing power: a CD-ROM, for instance, can hold about 600 megabytes( i.e. 10&sup6; bytes), can be reproduced currently for about ̴�1 and read on a device costing about ̴�400.	ADV DET NOUN ADP NOUN NOUN NOUN ADP NOUN VERB ADV VERB ADJ NOUN NOUN ADJ ADV ADP DET ADP ADJ NOUN NOUN DET NOUN ADP NOUN VERB VERB ADV NUM NOUN X NUM NOUN VERB VERB VERB ADV ADP ADP NOUN CCONJ VERB ADP DET NOUN VERB ADP ADV	0
ahb-fragment51 752	0 0 0 0 0 0 0 0 0 0 1 0 0	We want everyone to be licensed, but the Government didn't think it necessary.	PRON VERB NOUN PART VERB VERB CCONJ DET PROPN VERB VERB PRON ADJ	1
kbw-fragment42 14782	0 0 0 0	It doesn't matter what?	PRON VERB VERB NOUN	0
a1g-fragment26 389	0 0 0 0 0 0 0 0 0 0 0 0 0 0 0 0 0 0 0 0 0 0 1 1 0 0 0 0 0 0 0 1 0 0 0 0 0 0 0 0 0	DOZENS more East German refugees arrived outside the West German embassy yesterday seeking asylum and passage to the West, including some who missed by only a few minutes a train that took more than 800 of their compatriots to West Germany.	NOUN ADJ ADJ ADJ NOUN VERB ADP DET ADJ ADJ NOUN NOUN VERB NOUN CCONJ NOUN ADP DET PROPN VERB DET NOUN VERB ADP ADV DET ADJ NOUN DET NOUN ADJ VERB ADJ ADP NUM ADP ADJ NOUN ADP PROPN PROPN	3
ac2-fragment06 1424	0 0 0 0 1 1 0 0 0 0	He doesn't know the inside track any more than Klepner.	PRON VERB VERB DET ADJ NOUN DET ADJ ADP PROPN	2
a4d-fragment02 111	0 0 0 0 0 1 0 0 0 1 0 1 0 0 0	However, Caithness himself stated that this first selection was in no way a definitive list	ADV PROPN PRON VERB ADP DET ADJ NOUN VERB ADP DET NOUN DET ADJ NOUN	3
kbp-fragment09 3773	0 0 1 0 1 0 0 0 0 0 0 0	You could feel the atmosphere when you were sat in the car.	PRON VERB VERB DET NOUN ADV PRON VERB VERB ADP DET NOUN	2
kbh-fragment02 274	0 0 0 0 0 0 0 0 0 0	Catch it, one two three catch it, one two three.	VERB PRON NUM NUM NUM NOUN PRON NUM NUM NUM	0
kbp-fragment09 3901	0 0	I thought	PRON VERB	0
c8t-fragment01 42	0 0 0 0 0 0 0 0 0 0 0 1 0 0 0 0 0 0	In the centre of the room was a large wooden table holding a stoneware jar of dried flowers.	ADP DET NOUN ADP DET NOUN VERB DET ADJ ADJ NOUN VERB DET NOUN NOUN ADP VERB NOUN	1
bpa-fragment14 2179	0 0 0 0 0 0 0 0 0 0 0 0 0 0 0 0 0 0 0 0 1 0 0 0 0 0 0 0 0 0 0 0 1 1 0 1	Nell would never rest until she could get closer to confirm her worst suspicions, and paradoxically it was the woman in her that provided the intensity of emotion that would let nothing stand in her way.	PROPN VERB ADV VERB ADP PRON VERB VERB ADJ PART VERB ADJ ADJ NOUN CCONJ ADV PRON VERB DET NOUN ADP PRON ADJ VERB DET NOUN ADP NOUN ADJ VERB VERB NOUN VERB ADP ADJ NOUN	4
kbw-fragment04 2632	0 0 0 0 0 0 0 0	It's just that I can actually hear it.	PRON ADV ADP PRON VERB ADV VERB PRON	0
a8n-fragment19 320	0 1 1 0 1 0 0 0 0 1 0 1 0 0 1 0 1 0 1 0 0 1 0 0 0	Oldham took up the attack again and Barlow, who had a fine match at left-back, totally containing Rocastle, floated in a deep cross beyond Winterburn.	PROPN VERB PART DET NOUN ADV CCONJ PROPN NOUN VERB DET ADJ NOUN ADP NOUN ADV VERB PROPN VERB ADP DET ADJ NOUN ADP PROPN	9
ac2-fragment06 1394	0 0 0 0 0 0 1 0 0 0 0 0	Notwithstanding current problems which they discussed lightly, it had all been wonderful.	ADP ADJ NOUN ADJ PRON VERB ADV PRON VERB DET VERB ADJ	1
ahb-fragment51 705	0 0 1 0 1 1 0 0 0 0 0 0 0 0 0 0 0 0 0 0	Property: Don't let yourself in for trouble Choosing the right agent is essential if you want to rent your property.	NOUN VERB VERB PRON PART ADP NOUN VERB DET ADJ NOUN VERB ADJ ADP PRON VERB PART VERB ADJ NOUN	3
b1g-fragment02 1532	0 0 0 0 1 1 0 0 0 1 0 0 0 0 1 0 0 0 0 0 0 0 0 0 0 0 0	First, attention should be drawn to the new directive from the Department of Health to regional and district health authorities to review the health of the population.	ADV NOUN VERB VERB VERB ADP DET ADJ NOUN ADP DET PROPN ADP PROPN ADP ADJ CCONJ NOUN NOUN NOUN PART VERB DET NOUN ADP DET NOUN	4
as6-fragment02 387	0 0 0 1 1 0 0 1 1 0 1 0 0 0 0 0 0 0 1 0 0 0 0 0 0 1 0 0 0 0 0 0	But the concern with overcoming political marginality remained on the sidelines of the main public debate because it questioned the perception of the rioters as driven by irrational, uncivilized, and criminal instincts.	CCONJ DET NOUN ADP VERB ADJ NOUN VERB ADP DET NOUN ADP DET ADJ ADJ NOUN ADP PRON VERB DET NOUN ADP DET NOUN ADP VERB ADP ADJ ADJ CCONJ ADJ NOUN	7
kbw-fragment11 4197	0 0 0 0 0 0 0 1 0 0 0 0 0 0 0 0 0	And she said he has to go trotting to Exeter two or three times a week now.	CCONJ PRON VERB PRON VERB PART VERB VERB ADP PROPN NUM CCONJ NUM NOUN DET NOUN ADV	1
ccw-fragment03 1671	0 0 0 0 0 0 0 0 0 0 0 0 0	He glanced at the paint pot and brush that I was still holding.	PRON VERB ADP DET NOUN NOUN CCONJ NOUN ADJ PRON VERB ADV VERB	0
b1g-fragment02 1061	0 0 0 0 0 0 0 0 0 0 0 0 0 0 0 0 0 0 0 0 0 0 0 0 0 0 0 0	No other data collection methodology obviates the short distance variation in data sets induced by variations in data collection and aggregation methodology typically encountered between adjacent nation states.	DET ADJ NOUN NOUN NOUN VERB DET ADJ NOUN NOUN ADP NOUN NOUN VERB ADP NOUN ADP NOUN NOUN CCONJ NOUN NOUN ADV VERB ADP ADJ NOUN NOUN	0
b1g-fragment02 1018	0 0 0 0 0 0 0 0 0 0 0 0 0 0 0 0 0 0 0 0 0 0 0 0 0 0 0 0 0 0 0 0 0 0 0 0 0 0 0 0 0 0 0 0 0 0 0 0	The unavoidable reliance upon existing data sets led to many problems due to non-harmonization even of commonly used variables, e.g. eight different definitions of potential evapo-transpiration were in use in the Member States and maximum temperature at each weather station was defined in at least four different ways;	DET ADJ NOUN ADP VERB NOUN NOUN VERB ADP ADJ NOUN ADJ ADP NOUN ADV ADP ADV VERB NOUN ADV NUM ADJ NOUN ADP ADJ NOUN VERB ADP NOUN ADP DET PROPN PROPN CCONJ ADJ NOUN ADP DET NOUN NOUN VERB VERB ADP ADV ADV NUM ADJ NOUN	0
ahf-fragment24 586	0 0 0 1 0 0 0 1 0 0 0 0 0 0 0 0 1 1 0 0 0 0 0 0 0 1 0 0 0 0	Meadowell has even discovered a new martyr in the shape of one Willy Hunter, a local hard nut awaiting trial for murder, and allegedly the victim of a police frame-up.	PROPN VERB ADV VERB DET ADJ NOUN ADP DET NOUN ADP NUM PROPN PROPN DET ADJ ADJ NOUN VERB NOUN ADP NOUN CCONJ ADV DET NOUN ADP DET NOUN NOUN	5
kbd-fragment07 2293	0 0 0 0	Oh I need some	INTJ PRON VERB DET	0
kbw-fragment04 2468	0 0 1 1 1 0 0	Why they keep on making new bulbs?	ADV PRON VERB PART VERB ADJ NOUN	3
kbh-fragment02 159	0 0 0 0 0	What else do I need?	NOUN ADV VERB PRON VERB	0
kbw-fragment11 4112	0 0 0 0 0 0 0 0 0 0 0	I've told you what we're gon na for Christopher haven't I?	PRON VERB PRON NOUN PRON VERB ADP ADP PROPN VERB PRON	0
kbc-fragment13 5876	0 0 0 0 1 0 0 0 0 1 0 0 0	Well well he hasn't got a father so he regards you doesn't he?	INTJ INTJ PRON VERB VERB DET NOUN ADP PRON VERB PRON VERB PRON	2
ab9-fragment03 1014	0 0 0 0 0 1 0 0 0 1 0 0 0 0 0 0 0 0 0 0 0 0 0 0 0 0 0 0 0 0 0 0 0 0	Francis Morgan stood and stared at them, and even before the man stepped forward steadily, hand extended, mouth opening to speak, he understood who they were and what they had come to tell him.	PROPN PROPN VERB CCONJ VERB ADP PRON CCONJ ADV ADP DET NOUN VERB ADV ADV NOUN VERB NOUN NOUN PART VERB PRON VERB NOUN PRON VERB CCONJ NOUN PRON VERB VERB PART VERB PRON	2
fpb-fragment01 1215	0 0 0	The doorbell sounded.	DET NOUN VERB	0
kbp-fragment09 3673	0 0 0 0 0	I thought it would be	PRON VERB PRON VERB VERB	0
ac2-fragment06 1469	0 0 1 0 0 0 0 0 0 0 0 0 0 0 1 0	The only thing you can be sure of is that US interest will always come first.	DET ADJ NOUN PRON VERB VERB ADJ ADP VERB ADP PROPN NOUN VERB ADV VERB ADV	2
alp-fragment01 94	0 0 0 1 0 0 0 0 1 0 0 0 1 1 1 0 0 0 0 0 0 1 0 0 0 0 1 0 0 1 0 0 1 0 0 0	Probably the best illustration of the assisting method in action during the course comes in the fifth session when Somerset practitioners take the logic of working with the problem in the community to its ultimate conclusion.	ADV DET ADJ NOUN ADP DET VERB NOUN ADP NOUN ADP DET NOUN VERB ADP DET ADJ NOUN ADV PROPN NOUN VERB DET NOUN ADP VERB ADP DET NOUN ADP DET NOUN ADP ADJ ADJ NOUN	9
ab9-fragment03 1013	0 0 0 0 0 0 0 0 0 0 0 0 0 0 0 0 0 0 0 0 0 0 0 0 1 0 0 0 0 0 0 1 0 0 0 0 0 0 0 0 0 0 0 0 1 0 1	The man, a stocky, greying fifty-year-old in a navy raincoat over a suit, his hair cut short, was attended by a uniformed policewoman, hair smartly set under the cap, her eyes watchful in the wide, flat, placid face, and both of them were standing square and stolid.	DET NOUN DET ADJ VERB PUNCT ADP DET NOUN NOUN ADP DET NOUN ADJ NOUN VERB ADJ VERB VERB ADP DET ADJ NOUN NOUN ADV VERB ADP DET NOUN ADJ NOUN ADJ ADP DET ADJ ADJ ADJ NOUN CCONJ DET ADP PRON VERB VERB ADJ CCONJ ADJ	4
g0l-fragment01 48	0 0 0 0 0 0 0 0 0	Sorge looked round the table, saw their undisguised curiosity.	NOUN VERB ADP DET NOUN VERB ADJ ADJ NOUN	0
ea7-fragment03 836	0 1 0 0 0 0 0 0 0 1 1 1 0 0 0 0 0 1 0 1 0 0 0 0 0 1 0 0 0 0 0 0 1 1 0 0 0 0 0 0 0 0 0 0 0 0 0 0 0 0 1 1 0 0	They offered opportunities for men of skill to acquire great position in the world Arnoul of Ardres caught the eye of Countess Ida of Boulogne through his exploits; and they also conferred lustre on the great Geoffrey le Bel and Philip of Alsace were throughout France for their distinguished performances in these show battles.	PRON VERB NOUN ADP NOUN ADP NOUN PART VERB ADJ NOUN ADP DET NOUN NOUN ADP NOUN VERB DET NOUN ADP PROPN PROPN ADP PROPN ADP ADJ NOUN CCONJ PRON ADV VERB NOUN ADP DET ADJ PROPN PROPN PROPN CCONJ PROPN ADP PROPN VERB ADP PROPN ADP ADJ ADJ NOUN ADP DET NOUN NOUN	11
ahb-fragment51 725	0 0 0 0 0 0 0 1 0 0 0 1 0 1 0 0 0 1 0 0 0 0 1	Last week he promised to supply us with a written explanation of the way his company had treated Debbie, but it never arrived.	ADJ NOUN PRON VERB PART VERB PRON ADP DET VERB NOUN ADP DET NOUN ADJ NOUN VERB VERB PROPN CCONJ PRON ADV VERB	5
kbw-fragment17 5989	0 0 1 0 0 1 0 0 0	Cos we've got the AGM in two weeks time	ADP PRON VERB DET PROPN ADP NUM NOUN NOUN	2
kbc-fragment13 6004	0 0 1 0 0 0 0 1 0 0 1 0 1 0	Well I reckon she lived er a couple of years after the stroke Gordon.	INTJ PRON VERB PRON VERB INTJ DET NOUN ADP NOUN ADP DET NOUN PROPN	4
kbp-fragment09 3851	0 0 0 0 1 0 0 0 0 0 0 0 0 0 0 0 0 0 0 0 0	But now yeah it took him a while to calm down but he's a very nice fellow now, very nice chap.	CCONJ ADV INTJ PRON VERB PRON DET NOUN PART VERB PART CCONJ PRON DET ADV ADJ NOUN ADV ADV ADJ NOUN	1
kbp-fragment09 4105	1 0 0	Drawing, oh well!	NOUN INTJ INTJ	1
kcf-fragment14 1283	0 0 0 0 0 0 0 0 0 0 0 0 0 0 0	Yeah but, I mean, people are allowed now to put their own in aren't they?	INTJ CCONJ PRON VERB NOUN VERB VERB ADV PART VERB ADJ ADJ NOUN VERB PRON	0
al0-fragment06 184	0 0 0 0 1 1 0 0 0 1 1 1 0 0 1 0 0 0 0 0 0 0 1 0 0 0 0 0 0 0 0 0 0 1 0 0 0 0 0 0 0	Since 1986 Rytasha has broken awayfrom her guru and set up on her own with a charity called Food Relief International, which raises money from the fiercely competitive matrons of Palm Beach and distributes it to the starving people of Bangladesh.	ADP NUM PROPN VERB VERB ADP ADJ NOUN CCONJ VERB PART ADP ADJ ADJ ADP DET NOUN VERB PROPN PROPN PROPN ADJ VERB NOUN ADP DET ADV ADJ NOUN ADP PROPN PROPN CCONJ VERB PRON ADP DET VERB NOUN ADP PROPN	8
ea7-fragment03 820	0 0 0 0 1 0 1 0 1 0 0 0 1 0 0 0 0 0 0 0 0 0 1 0 0 0 0	A royal banner now bestowed respectability on a cause; kings' wars were assumed to be for the sake of peace, even when cripplingly expensive and increasingly savage.	DET ADJ NOUN ADV VERB NOUN ADP DET NOUN NOUN NOUN VERB VERB PART VERB ADP DET NOUN ADP NOUN ADV ADV ADV ADJ CCONJ ADV ADJ	5
cdb-fragment02 456	0 0 0 0 0 0 0 0 0 0 0 1 1 0 1 0 1 1 0 1 0 0 0 0 1 0 0 1 0 0 0 0 1 0 0	The house that when he first saw it had seemed to float on a raft of golden mist, now lay in a wilderness, amidst ragged grass and straggling bushes and trees dead from the heat.	DET NOUN ADJ ADV PRON ADV VERB PRON VERB VERB PART VERB ADP DET NOUN ADP ADJ NOUN ADV VERB ADP DET NOUN ADP ADJ NOUN CCONJ VERB NOUN CCONJ NOUN ADJ ADP DET NOUN	9
crs-fragment01 6	1 0 0 0 1 0 0 1 0 1 0 0 0 0 0 0 1 0 0 0 1 1 1 0 1 0 0 1	This chapter is an account of the way they perceived attempts to develop integrated provision for under fives and the barriers in attitudes and systems which were encountered.	DET NOUN VERB DET NOUN ADP DET NOUN PRON VERB NOUN PART VERB ADJ NOUN ADP ADP NOUN CCONJ DET NOUN ADP NOUN CCONJ NOUN ADJ VERB VERB	10
as6-fragment01 12	0 0 0 0 0 0 1 0 1 0 0 1 0 1 1 0 0 0 0 0 0 0 0 0 0 0 0 1 1 0 0 0 0 0 0 1 0 0 0 0 0 0 0 0	The 1964 Labour Government was elected on a tide of impatience at the slackening pace of social reform, but also of optimism that little more than economic growth, fuelled by technological change, was needed to remove the main causes of urban deprivation( MacGregor, 1981).	DET NUM PROPN PROPN VERB VERB ADP DET NOUN ADP NOUN ADP DET VERB NOUN ADP ADJ NOUN CCONJ ADV ADP NOUN ADJ ADV ADJ ADP ADJ NOUN VERB ADP ADJ NOUN VERB VERB PART VERB DET ADJ NOUN ADP ADJ NOUN PROPN NUM	8
fpb-fragment01 1180	1 0 1 1 0 0 0 1 0 0 1 0 0 0 0 0 0 0 1 0 0 1 0 0 0 0 0 0 0 1 0 1 0 0 0 0 0 0 0	After being given clearance to land, Miranda, following her instructor's directions, started her approach; she throttled back to reduce speed and control her descent as she flew towards the threshold the point just before she intended to touch down.	ADP VERB VERB NOUN ADP NOUN PROPN VERB ADJ NOUN NOUN VERB ADJ NOUN PRON VERB ADV PART VERB NOUN CCONJ VERB ADJ NOUN ADP PRON VERB ADP DET NOUN DET NOUN ADV ADP PRON VERB PART VERB PART	9
cb5-fragment02 3376	0 0	I promise.	PRON VERB	0
a1f-fragment06 144	0 0 0 0 0 0 0 0 0 1 0 0 0 0 1 0 1 1 0 0 0 0 0 0 0 1 0 0 0 0 0 0 0 0 0 1 0 0 0 0 0 0 0 0 0	Sir: I was interested by your juxtaposition of Poll predicts 42-seat majority for Labour with Tories hold on( 30 September), the latter referring, of course, to the Conservative victory in Wandsworth, the significance of which appears to have been almost totally ignored by the media.	NOUN PRON VERB ADJ ADP ADJ NOUN ADP PROPN VERB NUM NOUN ADP PROPN ADP PROPN VERB PART NUM PROPN DET ADJ NOUN ADP NOUN ADP DET ADJ NOUN ADP PROPN DET NOUN ADP ADJ VERB PART VERB VERB ADV ADV VERB ADP DET NOUN	6
kbd-fragment07 2260	0 1 0 1 0	Anything goes fast after Friday.	NOUN VERB ADV ADP PROPN	2
a8r-fragment02 56	0 0 0 0 0 0 0 0	The process becomes demand driven by the user.	DET NOUN VERB NOUN VERB ADP DET NOUN	0
a1n-fragment18 363	0 0 0 0 0 1 1 0 0 0 0 0 0 1 0 1 0 0 0 1 1 0 0 0 0 1 0 1 0 0 0 0 0 0	Davis, of course, would have walked into England's team in Poland a week on Wednesday; until last season's prolonged suspension, followed by injury, Bobby Robson had him firmly pencilled in as Bryan Robson's replacement.	PROPN ADP NOUN VERB VERB VERB ADP PROPN NOUN ADP PROPN DET NOUN ADP PROPN ADP ADJ NOUN VERB NOUN VERB ADP NOUN PROPN PROPN VERB PRON ADV VERB ADP ADP PROPN PROPN NOUN	8
cdb-fragment02 403	0 0 0 0 0 1 1 0 0 0 0 0 0 0 0 0 0 0 0 0 0 0 0 0	The Suffolk police had begun hunting up previous owners of Wyvis Hall and they had been alerted that a Verne-Smith lived in their area.	DET PROPN NOUN VERB VERB VERB PART ADJ NOUN ADP PROPN PROPN CCONJ PRON VERB VERB VERB ADP DET PROPN VERB ADP ADJ NOUN	2
fpb-fragment01 1222	0 0 0 0 0 0 0 0 0 0 0 0 0 0	She says the Colonel's taken up petit point, and Miss Hawkins is teaching him.	PRON VERB DET PROPN VERB PART NOUN NOUN CCONJ PROPN PROPN VERB VERB PRON	0
a1e-fragment01 3	0 0 0 0 0 0 0 0 0 0 0 0 0 0 1 0 1 0 1 0 0 0 0 0 0 0 0 0 0 0 0 0	IT SEEMS that Roland Franklin, the latest unbundler to appear in the UK, has made a fatal error in the preparation of his ̴�697m break-up bid for stationery and packaging group DRG.	PRON VERB ADP PROPN PROPN DET ADJ NOUN PART VERB ADP DET PROPN VERB VERB DET ADJ NOUN ADP DET NOUN ADP ADJ X NOUN NOUN ADP NOUN CCONJ NOUN NOUN PROPN	3
bpa-fragment14 2244	0 0 0 1 0 1 0 0 0 0 0	I think we owe it to that pathetic creature in there.	PRON VERB PRON VERB PRON ADP DET ADJ NOUN ADP ADV	2
b1g-fragment02 1193	0 0 0 0 0 0 0 0 0 0 0 0 0 0 0 0 0 0 0 0 0 0 0 0 0 0 0 0 0 0 0 0 0 0 0 0 0 0 0 0 0 0 0 0 0 0 0 0 0	Each of these may be further subdivided and the typology shown in Fig. 10.1 draws upon the classic work of Burton and Kates( 1964) in separating geophysical from biological hazards and Zeigler et al.( 1983) in distinguishing public( or what we might call societal) hazards from private( individual) ones.	DET ADP DET VERB VERB ADV VERB CCONJ DET NOUN VERB ADP PUNCT NUM VERB ADP DET ADJ NOUN ADP PROPN CCONJ PROPN NUM ADP VERB ADJ ADP ADJ NOUN CCONJ PROPN PROPN PUNCT NUM ADP VERB NOUN CCONJ NOUN PRON VERB VERB NOUN NOUN ADP ADJ ADJ NOUN	0
a7s-fragment03 51	0 0 0 1 1 0 0 0 1 0 1	You might have assumed this was the police bluffing and bullying.	PRON VERB VERB VERB DET VERB DET NOUN NOUN CCONJ NOUN	4
kbj-fragment17 1525	0 0 0	Have you got	VERB PRON VERB	0
as6-fragment01 30	1 1 1 0 0 0 1 0 0 1 0 1 1 0 0	This mixture, heated by recession and high unemployment, inevitably generates a high level of crime.	DET NOUN VERB ADP NOUN CCONJ ADJ NOUN ADV VERB DET ADJ NOUN ADP NOUN	7
cb5-fragment02 3222	0 0 0 0 0 0 0 1 0 0 1 0 1 0 0 0 0 0 1 0 0 0 0 0 0 0	There's Sean O'Farrell and the master left in a hurry this hour past for New York City, both without a bite inside them and now you.	ADV PROPN PROPN CCONJ DET NOUN VERB ADP DET NOUN DET NOUN NOUN ADP PROPN PROPN PROPN CCONJ ADP DET NOUN ADP PRON CCONJ ADV PRON	4
fet-fragment01 8	0 0 0 0 0 0 0 0 1 1 1 0 0 0 0 0 0 1 0 1 1 0 0 0 0 0 0 0 0 0 0 0 1	He sat down and saw a bifurcated path, simmering with gold heat round and under the rising, spreading blue-black-green down-pointing vanes of a great pine, still widening where the frame interrupted its soaring.	PRON VERB PART CCONJ VERB DET VERB NOUN VERB ADP ADJ NOUN ADV CCONJ ADP DET VERB VERB ADJ VERB NOUN ADP DET ADJ NOUN ADV VERB ADV DET NOUN VERB ADJ NOUN	7
b1g-fragment02 1431	0 0 0 0 0 0 0 0 0 0 0 0 0 0 0 0 0 0 0 0 0	Additional algorithms are used to model total building damage costs for each grid cell based on water-depth and speed-depth rating curves.	ADJ NOUN VERB VERB PART VERB ADJ NOUN NOUN NOUN ADP DET NOUN NOUN VERB ADP NOUN CCONJ NOUN NOUN NOUN	0
a9j-fragment01 39	0 0 1 1 0 1 1 0 0 1 1 0 0 1 0 0 0 1 0 0 0 0 1 0 0 1 0 0 0 1 0 1	Its significance lies in its double message: that the aim of the Palestinian struggle is the establishment of Palestinian independence, and that this independence is regarded as being not at Israel's expense.	ADJ NOUN VERB ADP ADJ ADJ NOUN ADP DET NOUN ADP DET ADJ NOUN VERB DET NOUN ADP ADJ NOUN CCONJ ADP DET NOUN VERB VERB ADP VERB ADV ADP PROPN NOUN	12
kcu-fragment02 1576	0 0 0 0 1 0 0	You don't get nothing on them chickens?	PRON VERB VERB NOUN ADP PRON NOUN	1
a2d-fragment05 37	0 0 0 0 0 0 0 0 0 0 1 0 0	The John Wayne stereotype was rejected, along with his conservative values, he said.	DET PROPN PROPN NOUN VERB VERB ADP ADP ADJ ADJ NOUN PRON VERB	1
amm-fragment02 1755	0 0 0 0 0 1 0 0 1 0 0 0 0 0 0 0 0 0 0 0 0 0 0 0 0 0 0 0	Most of the popular books showing the Mesozoic giants in their natural setting portray them wallowing about in swamps flanked by deep vegetation, their bodies largely under water.	ADJ ADP DET ADJ NOUN VERB DET ADJ NOUN ADP ADJ ADJ NOUN NOUN PRON VERB ADP ADP NOUN VERB ADP ADJ NOUN ADJ NOUN ADV ADP NOUN	2
a3c-fragment05 228	0 0 0 0 0 0 0 0 0 0 0 0 0 0 0 0 0 0 0 0 0	The people of Munich call their version of Weissbier breakfast beer and have it with a pair of coddled veal sausages.	DET NOUN ADP PROPN VERB ADJ NOUN ADP PROPN NOUN NOUN CCONJ VERB PRON ADP DET NOUN ADP VERB ADJ NOUN	0
clp-fragment01 885	0 0 0 0 0 0 0 0 1 0 1 0 0 0 0 0 0 0 1 1 0 0 0 1 0 0 0 0 0 0 0 0 0 1 0 0 0 0	Often the manual has to be provided hurriedly at the end of a project when the budget is running out, and it is regarded as a tiresome chore still required after the essential design work has been completed.	ADV DET NOUN VERB PART VERB VERB ADV ADP DET NOUN ADP DET NOUN ADV DET NOUN VERB VERB PART CCONJ PRON VERB VERB ADP DET ADJ NOUN ADV VERB ADP DET ADJ NOUN NOUN VERB VERB VERB	6
kbw-fragment17 6209	0 0 0 0 0 0 0	But her mum I mean I know	CCONJ ADJ NOUN PRON VERB PRON VERB	0
acj-fragment01 5	0 0 0 0 1 0 0 0 0 0 0 0 0 1 0 0 0 1 0 1 0 0 1	For practical purposes, the culpable causing of another person's death may fairly be regarded as the most serious offence in the criminal calendar.	ADP ADJ NOUN DET ADJ NOUN ADP DET NOUN NOUN VERB ADV VERB VERB ADP DET ADV ADJ NOUN ADP DET ADJ NOUN	5
kbp-fragment09 3844	0 0 0 0 0 0 0 0 0 0	Cup of tea, turn the car round and go back.	PROPN ADP NOUN VERB DET NOUN ADV CCONJ VERB ADV	0
kbw-fragment17 6285	0 0 0 0 1	Yeah haven't got to worry.	INTJ VERB VERB PART VERB	1
kbh-fragment02 119	0 0 0 0 0 0 0 0 0 0 0	Listen, go away She doesn't say go away very much now.	VERB VERB ADV PRON VERB VERB VERB ADV ADV ADV ADV	0
g0l-fragment01 302	0 0 1 0 0	They never stopped being Germans.	PRON ADV VERB VERB PROPN	1
a1x-fragment03 158	1 0 0 1 1 0 0	This problem has spread to the UK.	DET NOUN VERB VERB ADP DET PROPN	3
kbw-fragment42 14937	0 0 0 0 0 0 1 0 0 0 0 0 0 0 0 0 0 0 0 0 0 0 0	Seemed to have got rather a lot of margarine on there, hope you're going to eat all your toast today, not like yesterday	VERB PART VERB VERB ADV DET NOUN ADP NOUN ADP ADV VERB PRON VERB PART VERB DET ADJ NOUN NOUN ADV ADP NOUN	1
bpa-fragment14 2154	0 1 0 0 0 0 0 0 0 0 0 1 0 0 1 0 0 0 0 0 1 0 0 0 0 0 1	Delaney took risks, plummeting feet first through the hatchways, and partly breaking his descent with the handrails, falling like a parachutist, rolling instantly deploying his Uzi against	PROPN VERB NOUN VERB NOUN ADV ADP DET NOUN CCONJ ADV VERB ADJ NOUN ADP DET NOUN VERB ADP DET NOUN VERB ADV VERB ADJ PROPN ADP	5
b1g-fragment02 1502	0 0 0 0 0 0 1 0 0 1 0 0 0 0 0 0 0 0 0 1 0 0 0 0 1 0 0 0 0 0 0 0 0 0 0 1 0 0 1 0 0 0 0 0 0	For instance, Lioy and Daisey( 1987), in their work on the monitoring of toxic air pollution in New Jersey, construct what they term a microinventory for each of three towns, comprising the locations of chemical plants, metal processing plants, paint spray manufacturers and so on.	ADP NOUN PROPN CCONJ PROPN NUM ADP ADJ NOUN ADP DET NOUN ADP ADJ NOUN NOUN ADP PROPN PROPN VERB NOUN PRON VERB DET NOUN ADP DET ADP NUM NOUN VERB DET NOUN ADP ADJ NOUN NOUN NOUN NOUN NOUN NOUN NOUN CCONJ ADV ADV	6
a1h-fragment06 126	0 0 0 0 0 0 1 0 1 0 0 0 0 0 1 1 0 1 0 0 0	FISA was then a relatively unimportant body which organised European and other championships and participated in the running of Olympic regattas.	PROPN VERB ADV DET ADV ADJ NOUN ADJ VERB ADJ CCONJ ADJ NOUN CCONJ VERB ADP DET NOUN ADP ADJ NOUN	5
kcf-fragment14 1438	0 0 1	hasn't forgotten that.	VERB VERB DET	1
b1g-fragment02 1254	0 0 0 0 0 0 0 0 0 0 0 0 0 0 0 0 0 0 0 0 0 0 0 0 0 0 0 0 0 0 0	The very narrow emergency planning zones contrast with those in the USA( Collins 1981), where planning is required up to 16 km from the site to cover exposure to radiation plumes.	DET ADV ADJ NOUN NOUN NOUN VERB ADP DET ADP DET PROPN PROPN NUM ADV NOUN VERB VERB PART ADP NUM NOUN ADP DET NOUN PART VERB NOUN ADP NOUN NOUN	0
amm-fragment02 1757	0 0 0 0 0 0 0 0 0 0 0 0 0 0 0 0 0 0 0 0 0 0 0 0 0 0 0	Because their nasal openings were on the top of their heads they could even continue to breathe if it became necessary( see p. 115) to totally submerge.	ADP ADJ ADJ NOUN VERB ADP DET NOUN ADP ADJ NOUN PRON VERB ADV VERB PART VERB ADP PRON VERB ADJ VERB NOUN NUM PART ADV VERB	0
kbh-fragment01 51	0 0 1 0 1 0 0 0 0	Well don't put it on too loud, will you?	INTJ VERB VERB PRON PART ADV ADJ VERB PRON	2
kbd-fragment07 2536	0 0	Mind you	VERB PRON	0
clp-fragment01 807	0 1 0 0 0 0 1 1 0 1 0 0 0 0 0 0 0 0 0 0 0 1 0 1 0 0 0 0 0 0 0 0 0 0 0 0	Some peaks of demand can be dealt with by using consultants, but they tend to be expensive and do not always fit well with ill-defined but important factors such as the favoured style of the organisation.	DET NOUN ADP NOUN VERB VERB VERB ADP ADP VERB NOUN CCONJ PRON VERB PART VERB ADJ CCONJ VERB ADV ADV VERB ADV ADP VERB CCONJ ADJ NOUN ADJ ADP DET ADJ NOUN ADP DET NOUN	6
al2-fragment23 255	0 0 0 0 0 0 0 1 1 0 0 0 0 1 0 0 0 0 0 0	Michael Freeman, the solicitor who advised the members on court action, said yesterday: This will cause the most dreadful hardship.	PROPN PROPN DET NOUN NOUN VERB DET NOUN ADP NOUN NOUN VERB NOUN DET VERB VERB DET ADV ADJ NOUN	3
kbw-fragment04 2576	0 0 0 0 0 0 0 0 0 0	You'll have to get to know is he in your?	PRON VERB PART VERB PART VERB VERB PRON ADP ADJ	0
alp-fragment01 84	1 0 0 0 0 0 0 0 0 0 1 0 1 0 0 0 0 0 0 0 1 0 1 0 1 0 0 0 0 1 0 0 1 1 0 0 0 0 0 1 0 0 0 0	In the first group session the counselling method is registered in the course tutor's notes( Menary, 1986) by the explanation: This session aims to get participants to consider the subject of alcohol in ways they had not thought of in the past( p. 3).	ADP DET ADJ NOUN NOUN DET NOUN NOUN VERB VERB ADP DET NOUN NOUN NOUN PROPN NUM ADP DET NOUN DET NOUN VERB PART VERB NOUN PART VERB DET NOUN ADP NOUN ADP NOUN PRON VERB ADV VERB ADP ADP DET NOUN NOUN NUM	10
as6-fragment01 41	0 0 0 0 0 0 1 0 0 0 0 0 0 0 0 0 0 0 0 0 0 0 0 0 0 0 0 0	As a consequence an underclass was evolving football hooligans, muggers, inner city rioters somewhat more frightening than their Dickensian forebears because they were mobile and all too visible.	ADP DET NOUN DET NOUN VERB VERB NOUN NOUN NOUN ADJ NOUN VERB ADV ADV ADJ ADP ADJ ADJ NOUN ADP PRON VERB ADJ CCONJ ADV ADV ADJ	1
kcv-fragment42 4257	0 0 0 0 0 0 0	Move in there but let her stand	VERB ADV ADV CCONJ VERB PRON VERB	0
kbp-fragment09 3948	0 0 0 0 0 0 0 0 0 0 0 0 0 0 1 0 0	and he claims to be er able to move things and do the poltergeist stunt, you know?	CCONJ PRON VERB PART VERB INTJ ADJ PART VERB NOUN CCONJ VERB DET ADJ NOUN PRON VERB	1
c8t-fragment01 27	0 0 0 0 0 0 0 1 0 0 0 0 0 0 0	He rang and there was only a short delay before Alice Mair opened the door.	PRON VERB CCONJ ADV VERB ADV DET ADJ NOUN ADP PROPN PROPN VERB DET NOUN	1
bpa-fragment14 2236	0 1 0 0 1 1 0 0	She flushed, but held on to the phone.	PRON VERB CCONJ VERB PART ADP DET NOUN	3
alp-fragment01 71	0 0 0 0 0 0 0 0 0 1 0 1 0 1 0 1 0 0 0 0 0 0 0 0 0 0 0 0 0 0	You will be expected to keep a drink diary throughout the course, and make attempts at reducing the amount you drink if it is greater than accepted healthy drinking levels.	PRON VERB VERB VERB PART VERB DET NOUN NOUN ADP DET NOUN CCONJ VERB NOUN ADP VERB DET NOUN PRON VERB ADP PRON VERB ADJ ADP VERB ADJ NOUN NOUN	4
kcu-fragment02 1492	0 0 0 0 0 0 0 0 0 0 1	Right on top of him and it turned round and smacked	ADV ADP NOUN ADP PRON CCONJ PRON VERB ADV CCONJ VERB	1
as6-fragment02 364	0 0 0 1 0 0 0 0 0 0 0 0 0 0 0 0 1 0 0 0 1 0 0 0 0 0 0 0 0 0 0 0 1 1 0 0 1 1 0 0 0 0 0 1 0 0	The need to support the police was accepted by both the Labour and the Conservative speakers in the parliamentary debate on the riots, and was established as a benchmark for the official response to the riots long before the Scarman Report was published in November 1981.	DET NOUN PART VERB DET NOUN VERB VERB ADP CCONJ DET PROPN CCONJ DET ADJ NOUN ADP DET ADJ NOUN ADP DET NOUN CCONJ VERB VERB ADP DET NOUN ADP DET ADJ NOUN ADP DET NOUN ADV ADP DET PROPN PROPN VERB VERB ADP PROPN NUM	8
bpa-fragment14 2185	0 0 0 0 0 0 1 0	He kept wondering how it had got Silk.	PRON VERB VERB ADV PRON VERB VERB PROPN	1
ajf-fragment07 223	0 0 0 1	And virtue is rewarded.	CCONJ NOUN VERB VERB	1
kbc-fragment13 6337	0 0 0 0 0	Has a leaflet come through.	VERB DET NOUN VERB PART	0
kcv-fragment42 4667	0 0 0 0 0 0 0 0 0 0 0 0 0 0 0	Well not you know cleaning so I don't know what kind of work they do.	INTJ ADV PRON VERB VERB ADV PRON VERB VERB NOUN NOUN ADP NOUN PRON VERB	0
kbw-fragment11 4264	0 0 0 0 0 0	I think he would wouldn't he?	PRON VERB PRON VERB VERB PRON	0
ccw-fragment03 1644	0 0 0 0 0 0 0 0 0 0 0 0 0 0 0 0 0 0 0 0 0 0 0	The man you want to see, I said, is called Matthew McIllvanney and his office is the pink building with the outside staircase.	DET NOUN PRON VERB PART VERB PRON VERB VERB VERB PROPN PROPN CCONJ ADJ NOUN VERB DET ADJ NOUN ADP DET ADJ NOUN	0
kcv-fragment42 4327	0 0	Hmm yes	INTJ INTJ	0
crs-fragment01 77	0 0 0 0 0 0 0 1 0 0 0 0 0 0 0 0 0 0 0 0	I knew it was right for him this is where he learnt to join in and be like other children.	PRON VERB PRON VERB ADJ ADP PRON DET VERB ADV PRON VERB PART VERB PART CCONJ VERB ADP ADJ NOUN	1
c8t-fragment01 129	0 0 0 0 0 0 0 0 0 0 0 0 0 0 0 0 0 0 0 0 0 0 0 0 0 0 0 1 0 0 1	Anthony, recognizing incompetence, grasped Dalgliesh's hair firmly with a sticky hand and he felt the momentary touch of a cheek, so soft that it was like the fall of a petal.	PROPN VERB NOUN VERB PROPN NOUN ADV ADP DET ADJ NOUN CCONJ PRON VERB DET ADJ NOUN ADP DET NOUN ADV ADJ ADP PRON VERB ADP DET NOUN ADP DET NOUN	2
acj-fragment01 51	0 0 0 0 0 1 0 1 0 0 0 0 1 1 0 0	The Home Office is not bound by those opinions, and appears to depart from them frequently.	DET PROPN PROPN VERB ADV VERB ADP DET NOUN CCONJ VERB PART VERB ADP PRON ADV	4
a1k-fragment02 60	0 0 0 0 0 0 0 0 0 0 0 0 0 1 0 0 0 1 1 0 0 0 0 0 1 0 0	Marriott was the chirpy Cockney sparrer who lead The Small Faces, who performed that strange pigeon-toed shuffle on Top of the Pops and wrote Lazy Sunday Afternoon.	PROPN VERB DET ADJ PROPN NOUN NOUN VERB DET PROPN PROPN NOUN VERB ADP ADJ ADJ NOUN ADP PROPN ADP DET PROPN CCONJ VERB PROPN PROPN PROPN	4
ab9-fragment03 941	0 0 0 0 1 0 0 0 0 0 0 0 0 1 0 0	I mean, they're not open twelve hours like my shops, and they aren't using the space.	PRON VERB PRON ADV ADJ NUM NOUN ADP ADJ NOUN CCONJ PRON VERB VERB DET NOUN	2
g0l-fragment01 276	0 0 0 0 0	They wanted to go there.	PRON VERB PART VERB ADV	0
b1g-fragment02 748	1 1 1 0 0 1 1 1 1 0 0 0 1 0 0 0 0 1 0 1 1 0 0 1	In this way the chapters in this part present a number of perspectives which essentially complement and amplify the discussion in the previous part.	ADP DET NOUN DET NOUN ADP DET NOUN VERB DET NOUN ADP NOUN ADJ ADV VERB CCONJ VERB DET NOUN ADP DET ADJ NOUN	12
kcu-fragment02 1958	0 1 0 0 0 0 0	They got their head down, see that	PRON VERB ADJ NOUN PART VERB ADP	1
b1g-fragment02 1366	0 0 0 0 0 0 0 0 0 0 0 0 0 0 0 0 0 0 0 0 0 0 0 0 0 0 0 0 0 0 0	They propose a national radiological spatial information system and, in a pilot project in Cumbria, have integrated several layers of data within ARC/INFO to show what this might involve( Fig. 10.2).	PRON VERB DET ADJ ADJ ADJ NOUN NOUN CCONJ ADP DET NOUN NOUN ADP PROPN VERB VERB ADJ NOUN ADP NOUN ADP PROPN PART VERB NOUN DET VERB VERB PUNCT NUM	0
ac2-fragment06 1263	0 0 1 0 0 0	Tell me about it, he replied.	VERB PRON ADP PRON PRON VERB	1
a3p-fragment09 196	0 0 0 0 1 0 0 0 0 0 0 0	Precisely next door to this is a restaurant called The Great House.	ADV ADJ NOUN ADP DET VERB DET NOUN VERB DET PROPN PROPN	1
kbh-fragment02 256	0 0 0 0 0 0	Well finish your mouthful first, please.	INTJ VERB ADJ ADJ ADV INTJ	0
as6-fragment01 70	0 0 0 0 0 0 0 1 1 0 0 1 0 1 0	Leech and Amin( 1988, p. 14) summarize this approach, not unfairly, in the following terms:	PROPN CCONJ PROPN NUM NOUN NUM VERB DET NOUN ADV ADV ADP DET ADJ NOUN	4
kbd-fragment07 2464	0 0 0 0 0 0	to be getting on with it.	PART VERB VERB PART ADP PRON	0
b1g-fragment02 1241	0 0 0 0 0 0 0 0 0 0 0 0 0 0 0 0	Each WRA is required to produce a waste disposal plan and these are starting to appear.	DET NOUN VERB VERB PART VERB DET NOUN NOUN NOUN CCONJ DET VERB VERB PART VERB	0
b1g-fragment02 985	0 0 0 0 0 0 0 0 0 0 0 0 0 0 0 0 0 0 0 0 0 0 0 0 0 0 0 0 0	Many other companies, of course, are supporting environmental work but IBM seems almost to be unique in its corporate commitment to use of high technology for facilitating sustainable development.	ADJ ADJ NOUN ADP NOUN VERB VERB ADJ NOUN CCONJ PROPN VERB ADV PART VERB ADJ ADP ADJ ADJ NOUN ADP NOUN ADP ADJ NOUN ADP VERB ADJ NOUN	0
a1f-fragment08 163	0 0 0 0 0 0 0 0 0 0 0 0 0 0 0 0 0 0 0 0	His problem will be that Mrs Thatcher might decide to do it first, and then she will garner the votes.	ADJ NOUN VERB VERB ADP PROPN PROPN VERB VERB PART VERB PRON ADV CCONJ ADV PRON VERB VERB DET NOUN	0
a1h-fragment05 77	0 1 0 0 1 0 0 0 1 0 0 0 0 0 0 0 0 0 0 1 0 0 0 0 1 0 0 0 1 0 1 1 1 0 0 0 0 0 0	First came Four Saints in Three Acts, produced in 1934, and then The Mother of Us All( 1947), which demonstrated a new kind of plotless opera only now reaching a wider currency through the stage works of Philip Glass.	ADV VERB NUM PROPN ADP NUM PROPN VERB ADP NUM CCONJ ADV DET PROPN ADP PRON DET NUM ADJ VERB DET ADJ NOUN ADP NOUN NOUN ADV ADV VERB DET ADJ NOUN ADP DET NOUN NOUN ADP PROPN PROPN	9
kbc-fragment13 6259	0 0 0 0 0 0 0 0 0 0 0 0	And plus he's, he, he, he, he married an heiress you know.	CCONJ CCONJ PRON PRON PRON PRON PRON VERB DET NOUN PRON VERB	0
a8n-fragment19 325	0 1 0 1 0 0 1 0 0 1 0 1 0 0	Finally, with Arsenal pressing hard, he clawed away Quinn's careful header from Thomas's drag-back.	ADV ADP PROPN VERB ADV PRON VERB PART PROPN ADJ NOUN ADP PROPN NOUN	5
kcf-fragment14 1450	0 0	I mean	PRON VERB	0
a3p-fragment09 176	0 0 0 0 0 0 0 0 0 0 0	Everything is home-grown, home-made and fresh: it tastes like forgotten food.	NOUN VERB VERB VERB CCONJ ADJ PRON VERB ADP VERB NOUN	0
ea7-fragment03 870	0 0 1 0 0 0 0 0 0 0 1 0 0 0 0 0 0 1 0 0 0 0 1 1 0 0 0 0 0 0 1 1 0 0 0	His friendship with Raymond V of Toulouse, a fellow warrior, reversed the trend of history since the middle of the tenth century, in bringing the princes of the far south back into the king's mouvance.	ADJ NOUN ADP PROPN PROPN ADP PROPN DET ADJ NOUN VERB DET NOUN ADP NOUN ADP DET NOUN ADP DET ADJ NOUN ADP VERB DET NOUN ADP DET ADJ ADV ADV ADP DET NOUN NOUN	7
al5-fragment03 32	0 1 0 0 0 0 0 1 0 0 0 1 0 0 1 0 0 0 1 0 0 0 0	She pledged that the Government would safeguard those that did not opt for trust status, but she expected this to be a minority.	PRON VERB ADP DET PROPN VERB VERB DET ADJ VERB ADV VERB ADP NOUN NOUN CCONJ PRON VERB DET PART VERB DET NOUN	5
bpa-fragment14 2211	0 0 0 0 0 0 0 1 0 0 0 0 0 0 1 1	Nell repeatedly pressed the button, shouted across at Lawton, who was now using the spy port.	PROPN ADV VERB DET NOUN VERB ADP ADP PROPN NOUN VERB ADV VERB DET NOUN NOUN	3
acj-fragment01 145	0 0 0 0 0 0 0 0 1 0 1 0 1 1 0 0 0 0 0 1 0 0 0 0 0 1 0 0 0 0 0 0 0 0 0 0	Presumably the justification is that D has already crossed a high moral/social threshold in choosing to commit such a serious offence, and should therefore be held liable for whatever consequences ensue, however unforeseeable they may be.	ADV DET NOUN VERB ADP PROPN VERB ADV VERB DET ADJ ADJ NOUN ADP VERB PART VERB ADJ DET ADJ NOUN CCONJ VERB ADV VERB VERB ADJ ADP ADJ NOUN NOUN ADV ADJ PRON VERB VERB	6
kbw-fragment17 6167	0 0 0 0 0 0 0 0 0	Yes love I am going to say something sensible!	INTJ VERB PRON VERB VERB PART VERB NOUN ADJ	0
ccw-fragment03 1669	0 1 1 0 0 0 1	He turned on me like a snake.	PRON VERB PART PRON ADP DET NOUN	3
a1f-fragment07 157	0 1 0 0 0 0 0 0 1 0 0 0 0 0 0 0 0 1 0 0 0 0 1 0 0 0 1 0 0 0 0 1 0 0 0 0 0 1 0 1 0 0 1 1 0 0 0	Only then will two vitally important and complementary goals be achieved: to improve Britain's general educational and vocational competence, and hence our productive capacity; and to reduce our gross educational inequalities between the elite who receive a narrow education to a very high standard, and the rest.	ADV ADV VERB NUM ADV ADJ CCONJ ADJ NOUN VERB VERB PART VERB PROPN ADJ ADJ CCONJ ADJ NOUN CCONJ ADV ADJ ADJ NOUN CCONJ PART VERB ADJ ADJ ADJ NOUN ADP DET NOUN NOUN VERB DET ADJ NOUN ADP DET ADV ADJ NOUN CCONJ DET NOUN	10
kbd-fragment07 2358	0 0	Oh yeah	INTJ INTJ	0
a3k-fragment11 148	0 0 0 0 0 0 1 0 0 0 0 1 1 0 0 0 0 1 0 0 0 0 0 0 0 0 1 0 0	Advertising costs and any expenses incurred in hiring premises are normally passed on by the estate agents to the vendor, whether or not the auction results in a sale.	NOUN NOUN CCONJ DET NOUN VERB ADP VERB NOUN VERB ADV VERB PART ADP DET NOUN NOUN ADP DET NOUN ADP CCONJ ADV DET NOUN NOUN ADP DET NOUN	5
a3e-fragment03 52	0 0 1 0 0 0 0 0 0 0 0 0 0 0 0 0 0 0 0 0 0 0 0 1 0 0 0 1 1 0 0 0 0 0 1 0 0	In an old garden, there may be a fruit tree, or a good bulwark of evergreen laurel or box that, tidied up, could add a dash of venerability to the new garden that will emerge around it.	ADP DET ADJ NOUN ADV VERB VERB DET NOUN NOUN CCONJ DET ADJ NOUN ADP ADJ NOUN CCONJ NOUN ADJ VERB PART VERB VERB DET NOUN ADP NOUN ADP DET ADJ NOUN ADJ VERB VERB ADP PRON	5
fpb-fragment01 1346	0 1 0 0 0 1 0 1	I've had enough of your melodrama, Adam snarled.	PRON VERB ADJ ADP ADJ NOUN PROPN VERB	3
al5-fragment03 52	0 0 0 0 0 1 1 1 0 0 0 0 0 0 0 1 0 0 0 0 0 0 1 0 1 0 0 1 0 0	Prime Ministers always have to consider balance in the Cabinet and at least we now have the same number of women as old Etonians in John Major's team, she said.	PROPN PROPN ADV VERB PART VERB NOUN ADP DET PROPN CCONJ ADP ADJ PRON ADV VERB DET ADJ NOUN ADP NOUN ADP ADJ PROPN ADP PROPN PROPN NOUN PRON VERB	7
a6u-fragment02 240	0 0 0 0 0 0 0 0 0 1 0 0 0 1 0 0 0 0 0 0 0 0	Hale's suicide became a poignant metaphor for the oppressive nature of the social values of New York and North America in general.	PROPN NOUN VERB DET ADJ NOUN ADP DET ADJ NOUN ADP DET ADJ NOUN ADP PROPN PROPN CCONJ PROPN PROPN ADP ADJ	2
crs-fragment01 66	0 0 0 0 0 0 1 0 1 0 0 0 1 0 0 0 0 0 0 0 0 1 0 1 0	The specialist social worker and another under-fives worker with a personal interest in the issues undertook a supplementary review to examine resources for these children.	DET ADJ ADJ NOUN CCONJ DET NOUN NOUN ADP DET ADJ NOUN ADP DET NOUN VERB DET ADJ NOUN PART VERB NOUN ADP DET NOUN	5
kbd-fragment07 2452	0 0 0 0 0 0 0 0 0 0 1 0 0 0	He's, he, he went in last week, he went in this week and er	PRON PRON PRON VERB ADP ADJ NOUN PRON VERB ADP DET NOUN CCONJ INTJ	1
bpa-fragment14 2125	0 0 0 0 1 0 0 0 1 1 0	After they'd gone, Forster felt the silence physically settle around him.	ADP PRON VERB PROPN VERB DET NOUN ADV VERB ADP PRON	3
ccw-fragment03 1687	0 0 1 0 0 0 0 0 0 0 0 0 0 0 0 0 0 0 0 0 0 0 0 1 0 1 1	I was calling Sweetman's bluff, confident he would not dare pull the trigger, and equally confident that my marine training would let me turn him into mincemeat.	PRON VERB VERB PROPN NOUN ADJ PRON VERB ADV VERB VERB DET NOUN CCONJ ADV ADJ ADP ADJ ADJ NOUN VERB VERB PRON VERB PRON ADP NOUN	4
b1g-fragment02 878	0 0 0 0 0 0 0 0 0 0 0 0 0 0 0 0 0 0 0 0 0 0 0 0 0 0 0 0 0 0 0 0 0 0 0 0 0 0 0 0 0 0 0 0 0 0 0	In no way, however, does this invalidate the need for microscale studies for instance, while global data sets may indicate the extent of algal blooms and may suggest causes of them, only detailed study of the algae themselves can provide understanding of why the bloom is occurring.	ADP DET NOUN ADV VERB DET VERB DET NOUN ADP ADJ NOUN ADP NOUN ADP ADJ NOUN NOUN VERB VERB DET NOUN ADP ADJ NOUN CCONJ VERB VERB NOUN ADP PRON ADV ADJ NOUN ADP DET NOUN PRON VERB VERB NOUN ADP ADV DET NOUN VERB VERB	0
c8t-fragment01 44	0 0 0 0 0 0 0 0 1 0 0 1 0 0 0 0 0 1 0 0 0	To each side of the hearth was a high-backed wicker armchair in an intricate closely woven design fitted with patchwork cushions.	ADP DET NOUN ADP DET NOUN VERB DET VERB NOUN NOUN ADP DET ADJ ADV VERB NOUN VERB ADP NOUN NOUN	3
kcv-fragment42 4412	0 0 0 0 0 0 0 0 0 0 0	No Patrick where would you would you mind to go to?	DET PROPN ADV VERB PRON VERB PRON VERB PART VERB ADP	0
ac2-fragment06 1521	0 0 0 0 0 0 1 0 0 1 1 0 0	But as soon as Nate heard about the latest strike, that was it.	CCONJ ADV ADV ADP PROPN VERB ADP DET ADJ NOUN DET VERB PRON	3
fpb-fragment01 1218	0 0 0 0 0	Buzz returned reading a postcard.	NOUN VERB VERB DET NOUN	0
b1g-fragment02 1012	0 0 0 0 0 0 0 0 0 0 0 0 0 0 0 0 0 0 0 0 0 0 0 0 0 0 0 0 0 0 0 0 0 0 0 0 0 0 0 0 0 0 1 0 0 0 0 0 0 0 0 0 0 0 0 0 0 0 0 0 0 0 0 0 0 0 0 0 0	As a result of some 40 sub-projects involving all the Member States( and often several groups within each one), databases of topography, soils, water resources and quality, biotopes, atmospheric emissions, climate, soil erosion and administrative boundaries have been built up for the whole Community and can be interrelated; other data sets( such as land cover, derived from satellite imagery) have already been compiled for some of the Member States.	ADP DET NOUN ADP DET NUM NOUN VERB ADJ DET PROPN PROPN CCONJ ADV ADJ NOUN ADP DET NOUN NOUN ADP NOUN NOUN NOUN NOUN CCONJ NOUN NOUN ADJ NOUN NOUN NOUN NOUN CCONJ ADJ NOUN VERB VERB VERB PART ADP DET ADJ PROPN CCONJ VERB VERB ADJ ADJ NOUN NOUN ADJ ADP NOUN NOUN VERB ADP NOUN NOUN VERB ADV VERB VERB ADP DET ADP DET PROPN PROPN	1
a7s-fragment03 77	1 0 0 0 0 0 0 0 0 0 0 1 1 0 0 0 1 0 0 0 0 0	Inside The Brotherhood( Granada), produced by Claudia Milne and Martin Short, dug into the most notorious area of Masonic influence, local government.	ADP DET PROPN PROPN VERB ADP PROPN PROPN CCONJ PROPN PROPN VERB ADP DET ADV ADJ NOUN ADP ADJ NOUN ADJ NOUN	4
acj-fragment01 52	1 0 0 1 0 0 0 1 0 0 0 0 1 0 0 0 0 0 0 0 0 0 0 0 0 0 0 1 0 0 0 0 0 0 1 0 0 0 0 0 0 0 1 0	In 1983 the Home Secretary imposed restrictions on the release of persons serving life for murders of police- and prison-officers, terrorist killings, murder during robbery, and the sadistic or sexual murder of young children, fixing a minimum of twenty years' imprisonment for these offenders.	ADP NUM DET PROPN PROPN VERB NOUN ADP DET NOUN ADP NOUN VERB NOUN ADP NOUN ADP NOUN CCONJ NOUN ADJ NOUN NOUN ADP NOUN CCONJ DET ADJ CCONJ ADJ NOUN ADP ADJ NOUN VERB DET NOUN ADP NUM NOUN NOUN ADP DET NOUN	7
kbw-fragment42 15072	0 0 0 0 0 1 0 0	you don't want it all, that your trouble?	PRON VERB VERB PRON DET ADP ADJ NOUN	1
acj-fragment01 121	0 0 0 1 0 0 0 0 0 0 0 0 0 0 0 0 0 0 1 0 0 0 0 0 0 0 0 1 0 1 0 0 0 0 1 0 0 0 0 0 0 0 0 0 0	One answer sometimes given is that they are not, because a driver who overtakes on a bend, knowingly taking the risk that there is a car travelling in the opposite direction, should not be labelled a murderer if a collision and death happen to ensue.	NUM NOUN ADV VERB VERB ADP PRON VERB ADV ADP DET NOUN NOUN VERB ADP DET NOUN ADV VERB DET NOUN ADP ADV VERB DET NOUN VERB ADP DET ADJ NOUN VERB ADV VERB VERB DET NOUN ADP DET NOUN CCONJ NOUN VERB PART VERB	5
ew1-fragment01 88	0 0 0 0 0 1 1 0 0 0 1 0 0 0 0 0	The financial mismanagement that had reigned before 1911 was ended with the employment of professional accountants.	DET ADJ NOUN ADJ VERB VERB ADP NUM VERB VERB ADP DET NOUN ADP ADJ NOUN	3
a1f-fragment11 189	0 0 0 0 0 0 0 0 1 0 0 0 0 0 0 0 0 0 0 0 0 0 0 0 0 0 0 0	What criteria would police and immigration officials use in their search for potential terrorists on a train that they could not use at a static checkpoint or airport?	ADJ NOUN VERB VERB CCONJ NOUN NOUN VERB ADP ADJ NOUN ADP ADJ NOUN ADP DET NOUN ADJ PRON VERB ADV VERB ADP DET ADJ NOUN CCONJ NOUN	1
al5-fragment03 30	0 0 0 0 0 0	Health needs to develop and alter.	NOUN VERB PART VERB CCONJ VERB	0
acj-fragment01 127	1 1 0 1 0 0 0 0 0 1 0 0 0	In discussing the boundaries of murder, we are concerned with classification, not exculpation.	ADP VERB DET NOUN ADP NOUN PRON VERB ADJ ADP NOUN ADV NOUN	4
b1g-fragment02 1441	0 0 0 0 0 0 0 0 0 0 0 0 0 0 0 0 0 0 0 0 0 0 0	The most interesting are those which portray population flows as scaled ribbons on the network diagram, and evacuation shelter capacities as bar diagrams.	DET ADV ADJ VERB DET ADJ VERB NOUN VERB ADP VERB NOUN ADP DET NOUN NOUN CCONJ NOUN NOUN NOUN ADP NOUN NOUN	0
a98-fragment03 53	1 0 0 0 0 0 1 0 0 0 0 0 0 0 0 0 1 0 1 0 0	IN December, 1943, the men working feverishly to create the first American atomic bomb sent a team of spooks to Naples.	ADP PROPN NUM DET NOUN VERB ADV PART VERB DET ADJ ADJ ADJ NOUN VERB DET NOUN ADP NOUN ADP PROPN	4
acj-fragment01 138	0 0 1 0 0 0 1 0 0 0 0 0 0 1 1 1 0 0 1 0 0 0 1 0 0 0 0 1 0 1 0 0 0 0 0 0 0 1 0 0 1 0 0 0 0 0 0 1 0 0 1 0 0 0 0 0 0 0 0 0	Admittedly, the Model Penal Code does contain a list of circumstances which may amount to extreme indifference, which assists the courts and increases the predictability of verdicts in a way that Scots law does not, but the essence of both approaches is that there is no precise way of describing those non-intentional killings which are as heinous as intentional killings.	ADV DET PROPN PROPN PROPN VERB VERB DET NOUN ADP NOUN ADJ VERB VERB ADP ADJ NOUN ADJ VERB DET NOUN CCONJ VERB DET NOUN ADP NOUN ADP DET NOUN ADJ NOUN NOUN VERB ADV CCONJ DET NOUN ADP DET NOUN VERB ADP ADV VERB DET ADJ NOUN ADP VERB DET ADJ NOUN ADJ VERB ADV ADJ ADP ADJ NOUN	13
b1g-fragment02 1271	0 0 0 0 0 0 0 0 0 0 0 0 0 0 0 0 0 0 0 0 0 0 0 0 0 0 0 0 0 0 0 0	An important finding was that many relied on their own transport and went to stay with friends and relatives some distance away, rather than relying on the 19 official evacuation reception centres.	DET ADJ NOUN VERB ADP ADJ VERB ADP ADJ ADJ NOUN CCONJ VERB PART VERB ADP NOUN CCONJ NOUN DET NOUN ADV ADV ADP VERB ADP DET NUM ADJ NOUN NOUN NOUN	0
kbw-fragment42 14958	0 0 0 0 0 0 0 0 0 0 0 0	You're gon na help me, you're gon na stay here I'm afraid	PRON VERB PART VERB PRON PRON VERB PART VERB ADV PRON ADJ	0
ab9-fragment03 797	0 0 0 0 0 0 0 0 0 0 0 0 0 0 0 0 1 0 0 0 1 0 0 0 0 0 0 0 0 1 0 0 0 0 0 0 0 0 0 0 0 0 0 0 0 0 0 1 0 0	The boy had been told unequivocally not to let her off the lead the riding-school only used the land by grace of its owner and it was a shooting estate but he hated keeping the dog straining at the lead and knew that she would always come to his call.	DET NOUN VERB VERB VERB ADV ADV PART VERB PRON ADP DET NOUN DET NOUN ADV VERB DET NOUN ADP NOUN ADP ADJ NOUN CCONJ PRON VERB DET NOUN NOUN CCONJ PRON VERB VERB DET NOUN NOUN ADP DET NOUN CCONJ VERB ADP PRON VERB ADV VERB ADP ADJ NOUN	4
ab9-fragment03 800	0 0 0 0 1 0 0 0 1 0 0 0 0 0 0 1 0 0 0 0 0 0 0 0 0 0	He particularly liked this stretch; nothing but the odd tractor and the horses ever came down this embankment, and the birds were unworried by his presence.	PRON ADV VERB DET NOUN NOUN ADP DET ADJ NOUN CCONJ DET NOUN ADV VERB PART DET NOUN CCONJ DET NOUN VERB VERB ADP ADJ NOUN	3
a1h-fragment05 102	0 0 0 0 0 0 0 0 0 0 0 0 0 1 0	He anticipated some of the enthusiasms of John Cage, whom he first met in 1941.	PRON VERB DET ADP DET NOUN ADP PROPN PROPN NOUN PRON ADV VERB ADP NUM	1
kbw-fragment17 6029	0 0 0 1 0	all sorts of things organised	DET NOUN ADP NOUN VERB	1
kcc-fragment02 40	0 0 0 0 0 0 0 0 0 0 0 0 0 0 0 0 0 0 0 0 0 0 0 0 0 0	So I thought well in case I can't get them anywhere else the market and he said well we'll have one from here, twelve ninety nine.	ADV PRON VERB ADV ADP NOUN PRON VERB VERB PRON ADV ADV DET NOUN CCONJ PRON VERB INTJ PRON VERB NUM ADP ADV NUM NUM NUM	0
al5-fragment03 20	0 0 0 0 0 0 0 0 0 0 0 0 0 0 0 0 1 0 0 0 0 0 0 0 1 0 1	Mrs Bottomley is convinced the Tory victory provides the opportunity to entrench the reforms and to give doctors, nurses and managers the confidence to make them work.	PROPN PROPN VERB VERB DET PROPN NOUN VERB DET NOUN PART VERB DET NOUN CCONJ PART VERB NOUN NOUN CCONJ NOUN DET NOUN PART VERB PRON VERB	3
kbw-fragment11 4080	0 0 0 0 1 1 0 0 0 0 0 1	Yeah the Stratford Warriors running about every six weeks something like that.	INTJ DET PROPN PROPN VERB ADP DET NUM NOUN NOUN ADP DET	3
fet-fragment01 165	1 1 0 0 0 0 0 1 1 0	Look here, there is another question that comes to mind.	VERB ADV ADV VERB DET NOUN ADJ VERB ADP NOUN	4
acj-fragment01 22	0 0 1 1 0 0 0 0 0 0 0 0 0 0 0 0 0 0 0 1 0 0 1	English law distinguishes between the offences of murder and manslaughter, as we shall see, but the two crimes do have certain common elements.	ADJ NOUN VERB ADP DET NOUN ADP NOUN CCONJ NOUN ADP PRON VERB VERB CCONJ DET NUM NOUN VERB VERB ADJ ADJ NOUN	4
c8t-fragment01 14	0 0 0 0 0 0 0 0 0 0 1 0 0 1 0 0 0 0 0 0 0 1 0 0 0 0 0 0 0 0 0 0 0 0 0 0 1 0 1 0 0 0 1 0 0 0 0 0 0 0 0 0 0 1 1 1 1 0 1 1	And now he was passing a second and more dilapidated pillbox and it struck him that the whole headland had the desolate look of an old battlefield, the corpses long since carted away but the air vibrating still with the gunfire of long-lost battles, while the power station loomed over it like a grandiose modern monument to the unknown dead.	CCONJ ADV PRON VERB VERB DET ADJ CCONJ ADJ ADJ NOUN CCONJ PRON VERB PRON ADP DET ADJ NOUN VERB DET ADJ NOUN ADP DET ADJ NOUN DET NOUN ADV ADP VERB ADV CCONJ DET NOUN VERB ADV ADP DET NOUN ADP VERB NOUN ADP DET NOUN NOUN VERB ADP PRON ADP DET ADJ ADJ NOUN ADP DET ADJ ADJ	12
ea7-fragment03 847	0 0 0 0 0 1 0 0 0 0 0 1 0 0 0 1 1 0 0 0 0 0 0 0 1 0 0 0 0 1 0 0 1 0 0 0 0 0 0 0 0 0 0 0 0 1 0 0 0 0 0 0	Outside Flanders, Robert's sister's marriage to Roger of Sicily was a mark of his new position in the world; like Louis VI's sister's marriage to Bohemond of Antioch, it stretched French kinship connections into the new Norman colonies, ensuring that travellers from the homeland would find a welcome in those distant parts.	ADP PROPN PROPN NOUN NOUN ADP PROPN ADP PROPN VERB DET NOUN ADP ADJ ADJ NOUN ADP DET NOUN ADP PROPN PROPN NOUN NOUN ADP PROPN ADP PROPN PRON VERB ADJ NOUN NOUN ADP DET ADJ PROPN NOUN VERB ADP NOUN ADP DET NOUN VERB VERB DET NOUN ADP DET ADJ NOUN	8
g0l-fragment01 264	0 0 0 1 0 1 0	They prefer the ram'em and bang'em method.	PRON VERB DET NOUN CCONJ VERB NOUN	2
kcv-fragment42 4178	0 0 0 0 0 0 0 0 1 0 0 0 0 0 0 0 0 0 0 0	The rose bush was not was not pruned this year so I doubt if we're going to have many flowers.	DET VERB NOUN VERB ADV VERB ADV VERB DET NOUN ADV PRON VERB ADP PRON VERB PART VERB ADJ NOUN	1
kbd-fragment07 2598	0 0 0 0 0 0 1 0 0	I think the young people go to it like.	PRON VERB DET ADJ NOUN VERB ADP PRON ADP	1
cb5-fragment02 3329	1 0 0 0 0 0 0 1 0 0 0 0 0 0 0 0 0 0 0 0 0 0 0 0 0 0 0 0 0	Penetrating her sleep she had heard the faint click of the door latch, and then the familiar squeak of the hinge as the door to her room slowly opened.	VERB ADJ NOUN PRON VERB VERB DET ADJ NOUN ADP DET NOUN VERB CCONJ ADV DET ADJ NOUN ADP DET NOUN ADP DET NOUN ADP ADJ NOUN ADV VERB	2
fpb-fragment01 1208	1 0 0 0 0 0 0 0 0 0 0 0 0 0	At times, she was downhearted and wondered whether she would ever write another book.	ADP NOUN PRON VERB VERB CCONJ VERB ADP PRON VERB ADV VERB DET NOUN	1
bpa-fragment14 2286	1 0 0 0 0 0 0 0 0 0 0 0 0 0 0 0 0 0 0 0 0 0	In a sense, as long as he could convince himself that she was safe, he was glad she wasn't coming with them.	ADP DET NOUN ADV ADV ADP PRON VERB VERB PRON ADP PRON VERB ADJ PRON VERB ADJ PRON VERB VERB ADP PRON	1
ab9-fragment03 996	1 1 0 0 0 0 0 0 0 0	Come on Jennifer or are you going out with Michael?	VERB ADP PROPN CCONJ VERB PRON VERB PART ADP PROPN	2
ea7-fragment03 815	0 0 0 1 0 0 1 0 0 0 0 0 1 0 0 0 1 0 0 0 0 0 0 0 0 0 0 0 0 0 0 0 0 0 0 1 0 1 0 1 0 0 0 0 0 0 0 0 0 0 0 1 0 0 0 0 0 0 0 0 0 0 0 0 0 0 0 0	The divergence was sharpened by the application of a theoretical distinction, the fruit of Augustinian theology, amplified as the century went on by canon and Roman law reference; princes pronounced their campaigns just wars( fought against aggressors with the aim of re-establishing peace) or public wars( declared by a competent authority in the public interest), while they condemned the wars of lesser men as infractions of the peace.	DET NOUN VERB VERB ADP DET NOUN ADP DET ADJ NOUN DET NOUN ADP ADJ NOUN VERB ADP DET NOUN VERB PART ADP NOUN CCONJ ADJ NOUN NOUN NOUN VERB ADJ NOUN ADV NOUN VERB ADP NOUN ADP DET NOUN ADP VERB NOUN CCONJ ADJ NOUN VERB ADP DET ADJ NOUN ADP DET ADJ NOUN ADP PRON VERB DET NOUN ADP ADJ NOUN ADP NOUN ADP DET NOUN	8
ajf-fragment07 229	0 0 0	It gets worse.	PRON VERB ADJ	0
fef-fragment03 637	0 0 0 0 0 1 0 0 0 0 1 0 0 0 0 1 0 0 0 1 0 1 0 0 0 1 1 0 0 0 1	Since it is the equation formula that needs to be satisfied, we should choose the potential as a vector( called, not without logic, the vector potential), defined by the equation formula.	ADP PRON VERB DET NOUN NOUN ADJ VERB PART VERB ADJ PRON VERB VERB DET NOUN ADP DET NOUN VERB ADV ADP NOUN DET NOUN NOUN VERB ADP DET NOUN NOUN	8
a1g-fragment27 428	0 0 0 1 1 1 0 0 0 0 0 0 0 0 0 0 0 1 0	But Nicholas's grand design collapsed in 1918 when his Serbian son-in-law, Alexander, deposed him and incorporated Montenegro into Yugoslavia.	CCONJ PROPN ADJ NOUN VERB ADP NUM ADV ADJ ADJ NOUN PROPN VERB PRON CCONJ VERB PROPN ADP PROPN	4
kbj-fragment17 1618	0 0 0 0 0 0 0 0 0 0 1 0 0 0 0 0 0 0 0 0 0 0 0 1 0 1	If I give you a bit of paper and the lot, yeah well you know what to do and go to school and fill them in!	ADP PRON VERB PRON DET NOUN ADP NOUN CCONJ DET NOUN INTJ INTJ PRON VERB NOUN PART VERB CCONJ VERB ADP NOUN CCONJ VERB PRON PART	3
fpb-fragment01 1296	1 0 0 0 0 0 0 0 0 0 0 0 0 0 0 0 0 0 0 0 0 0 0 0 0 0 0 0 0 0 0 0 0 0 0 0 0 0 0 0	Making sure to appear casual, he carefully watched the men in dinner jackets and the women in full-length d���collet��� dresses move slowly over the red carpet towards the restaurant at the rear, or climb the staircase to the gaming rooms.	VERB ADJ PART VERB ADJ PRON ADV VERB DET NOUN ADP NOUN NOUN CCONJ DET NOUN ADP NOUN NOUN NOUN VERB ADV ADP DET ADJ NOUN ADP DET NOUN ADP DET NOUN CCONJ VERB DET NOUN ADP DET NOUN NOUN	1
clp-fragment01 809	0 0 0 0 1 0 0 0 0 0 0 0 1 0 0 0 1 1 1 0 0	Given time available to train new staff it is not necessary to keep more than a nucleus in that particular expertise.	VERB NOUN ADJ PART VERB ADJ NOUN PRON VERB ADV ADJ PART VERB ADJ ADP DET NOUN ADP DET ADJ NOUN	5
a1m-fragment01 17	0 1 0 0 0 0 0 0 0 0 0 0 0 0 1 0 0 0 0 0 0 1	The impact, according to Henning Albrechsten, president of Telecottages International who has been involved in their development since the outset, was immediate.	DET NOUN VERB ADP PROPN PROPN NOUN ADP PROPN PROPN NOUN VERB VERB VERB ADP ADJ NOUN ADP DET NOUN VERB ADJ	3
kbd-fragment07 2516	1	see.	VERB	1
fpb-fragment01 1139	0 0 0	Then she wept.	ADV PRON VERB	0
kbd-fragment07 2550	0 0 0 0 1 0 0 0 1 0 0 0 0 0 0 0	Well we used to put, I mean, I put twelve, thirteen hundred in the Sugar House.	INTJ PRON VERB PART VERB PRON VERB PRON VERB NUM NUM NUM ADP DET PROPN PROPN	2
fet-fragment01 180	0 0 0 1 1 0 0 0 0 0 0 0 0 1 0 1 0 0 0 1 0 0 0 0 0 0 0 0 0 0 0 1 0 0 0 0 0 0 0 0 0 0 0 0 0 0 0 0 0 1 1 1 0 0 0	I have always looked upon you as Theo Daniel said he could not see the pain Frederica said was in the olives, and Alexander, still lecturing, said that Vincent had objected to paintings of symbolic Christs in Gethsemane by Bernard and his comp��Όres, had torn up his own, had made do with the olives themselves.	PRON VERB ADV VERB ADP PRON ADP PROPN PROPN VERB PRON VERB ADV VERB DET NOUN PROPN VERB VERB ADP DET NOUN CCONJ PROPN ADV VERB VERB ADP PROPN VERB VERB ADP NOUN ADP ADJ PROPN ADP PROPN ADP PROPN CCONJ ADJ NOUN VERB VERB PART ADJ ADJ VERB VERB VERB ADP DET NOUN PRON	9
kbd-fragment07 2625	0 0 0	She said oh!	PRON VERB INTJ	0
g0l-fragment01 181	0 0 0 0 1 0	The name Grob Mitzer mean anything?	DET NOUN PROPN PROPN VERB NOUN	1
a8r-fragment02 64	0 1 0 0 0 0 0 0 1 1 1 0 0 0 0 0	Crucial to the development process is the relationship built up between the analyst and the user.	ADJ ADP DET NOUN NOUN VERB DET NOUN VERB PART ADP DET NOUN CCONJ DET NOUN	4
ccw-fragment03 1607	0 0 0 0 0 0 0 0	Oh, lay me down, just lay me down.	INTJ VERB PRON PART ADV VERB PRON PART	0
bpa-fragment14 2310	0 0 0 0 0 0 0 0 0 0 0 0	Forster choked as the putrefying reek seemed to get right into him.	PROPN VERB ADP DET NOUN NOUN VERB PART VERB ADJ ADP PRON	0
bpa-fragment14 2062	1 0 0 0 0 1 0 0 1 1	That's why we've got to take risks, Nell put in.	DET ADV PRON VERB PART VERB NOUN PROPN VERB PART	4
bpa-fragment14 2134	0 0 0 0 0 0 0 0 0 0 0 1 0 0 0 0 0 0 0 0 0	Forster settled down, only putting his eye to the slit every half minute, not continually as he had started to do.	PROPN VERB PART ADV VERB ADJ NOUN ADP DET NOUN DET ADJ NOUN ADV ADV ADP PRON VERB VERB PART VERB	1
b1g-fragment02 1304	0 0 0 0 0 0 0 0 0 0 0 0 0 0 0 0 0 0 0 0 0 0 0 0 0 0 0 0 0 0 0 0 0 0	For example, in 1692, the whole of southern England was affected by an earthquake whose epicentre was located in what is now Belgium; a good deal of minor structural damage was inflicted( Morse 1983).	ADP NOUN ADP NUM DET NOUN ADP ADJ PROPN VERB VERB ADP DET NOUN ADJ NOUN VERB VERB ADP NOUN VERB ADV PROPN DET ADJ NOUN ADP ADJ ADJ NOUN VERB VERB PROPN NUM	0
ab9-fragment03 823	0 0 0 0 0 0 0 0 0 0 0 0 0 0 0 0 0 0 0 0 0 0 0 0 1 0 0 0 0 0 1 0 0 0 0 0 0 0 0 0 0	He was very nearly as tall as her, but she put an arm under his shoulders and supported him to the untidy room which served as the stable office, calling to one of the stable girls to take over the class.	PRON VERB ADV ADV ADV ADJ ADP PRON CCONJ PRON VERB DET NOUN ADP ADJ NOUN CCONJ VERB PRON ADP DET ADJ NOUN ADJ VERB ADP DET ADJ NOUN VERB ADP NUM ADP DET ADJ NOUN PART VERB PART DET NOUN	2
acj-fragment01 73	1 0 0 0 0 0 0 0 0 0 0 0 1 0 0 0 0 0 0 1 1 0 1 1 0 0 0 0 0 1 0 0 0 0 1 0 1 0 0 0 1 0 0 0 0 0 0 0 0 0 0	Where there is no capital punishment, however, the question of how many degrees of homicide it is desirable to have calls for careful weighing of the principle of fair labelling( see Chapter 3.3( l)) against the cost and time arguments mobilised by the policy of efficient administration( see Chapter 3.3( m)).	ADV ADV VERB DET ADJ NOUN ADV DET NOUN ADP ADV ADJ NOUN ADP NOUN PRON VERB ADJ PART VERB NOUN ADP ADJ NOUN ADP DET NOUN ADP ADJ NOUN VERB NOUN NUM NOUN ADP DET NOUN CCONJ NOUN NOUN VERB ADP DET NOUN ADP ADJ NOUN VERB NOUN NUM NOUN	10
a1p-fragment03 62	0 0 0 0 0 0 0 1 0 0 0 0 0 0 1 1 0 0 0 0 0 0 1 0 1 1	He conceded that there would be disputes with colleagues, but said: There are no quick fixes, and I will not be indulging in any quick fix.	PRON VERB ADP ADV VERB VERB NOUN ADP NOUN CCONJ VERB ADV VERB DET ADJ NOUN CCONJ PRON VERB ADV VERB VERB ADP DET ADJ NOUN	6
c8t-fragment01 123	1 1 1 0 0 0 0 1 0 0 0 0 0 0 0 0 0 0 0 0 0 0 0 0 0 0 0 0 0 0 0 0 0 0 0 0 0 0 0 0 1 1 1	In contrast to his sisters, Anthony was over-clad, a bundle of leggings, jumper and a padded jacket topped with a woollen helmet with a bobble pulled well down over his forehead, beneath which he surveyed their busyness, unsmiling, like a stout imperious Caesar.	ADP NOUN ADP ADJ NOUN PROPN VERB VERB DET NOUN ADP NOUN NOUN CCONJ DET ADJ NOUN VERB ADP DET ADJ NOUN ADP DET NOUN VERB ADV ADV ADP ADJ NOUN ADP ADJ PRON VERB ADJ NOUN VERB ADP DET ADJ ADJ PROPN	7
fet-fragment01 178	0 0 1 0 0 0 0 0 0 0 0 0	He wrote to Theo," I hope you are not a" Van Gogh".	PRON VERB ADP PROPN PRON VERB PRON VERB ADV DET PROPN PROPN	1
cdb-fragment04 888	0 0 0 0 0 0 0 0 0 0 0 0 0 1 0 0 0 0 0 0 0 0 0 0 0 0 0 0	When Lewis said to come back with him and eat there Adam had got a kick on the ankle from Anne and another kick when he hadn't replied.	ADV PROPN VERB PART VERB ADV ADP PRON CCONJ VERB ADV PROPN VERB VERB DET NOUN ADP DET NOUN ADP PROPN CCONJ DET NOUN ADV PRON VERB VERB	1
c8t-fragment01 89	1 0 1 0 0 0 0 0 0 0 1 0 0 0	On an impulse he reversed the Jaguar and drove quickly back to Martyr's Cottage.	ADP DET NOUN PRON VERB DET PROPN CCONJ VERB ADV ADV ADP PROPN NOUN	3
kcv-fragment42 4504	0 0 0 0 0 0 0 0	We went to Floyds I think we went	PRON VERB ADP PROPN PRON VERB PRON VERB	0
a38-fragment01 3	1 1 0 0 0 0 0 0 0 0 0 0 0 0 1 1 0 0 0 0 0 0 0 0 0 1 0 1 1 0 0	FROM this month, all new cars submitted for British type approval, the test which allows them to be legally sold in the UK, must be able to run on lead-free petrol.	ADP DET NOUN DET ADJ NOUN VERB ADP ADJ NOUN NOUN DET NOUN ADJ VERB PRON PART VERB ADV VERB ADP DET PROPN VERB VERB ADJ PART VERB ADP ADJ NOUN	7
fef-fragment03 708	0 0 0 1 0 0 1 0 0 1 0 1 0 0 1	Why is it then that we have no difficulties in practice in observing magnetic fields?	ADV VERB PRON ADV ADP PRON VERB DET NOUN ADP NOUN ADP VERB ADJ NOUN	5
b1g-fragment02 1288	0 0 0 0 0 0 0 0 0 0 0 0 0 0 0	Jones et al.( 1989) have examined the distribution of some 8500 landslides in the UK.	PROPN PROPN PUNCT NUM VERB VERB DET NOUN ADP DET NUM NOUN ADP DET PROPN	0
amm-fragment02 1726	0 0 0 0 0 0 0 0 0 0 0 0 0 0 0 0 0 0	Although much of the fine detail can be seen most of the tissue of the leaf is destroyed.	ADP ADJ ADP DET ADJ NOUN VERB VERB VERB ADJ ADP DET NOUN ADP DET NOUN VERB VERB	0
a1e-fragment01 12	0 0 1 0 0 0 0 0 0 0 0 1 0 0 0 0 0 0 0 0 0 0 0 0 1 0 0 0 0 1 0 0 0 0 0 0 0 1 1 0	We have made a bid of nearly ̴�700m for a company with a book value of ̴�200m we've acknowledged there is some extra worth there, but I can not see the sort of value they are talking about in property.	PRON VERB VERB DET NOUN ADP ADV NOUN ADP DET NOUN ADP DET NOUN NOUN ADP NOUN PRON VERB ADV VERB DET ADJ NOUN ADV CCONJ PRON VERB ADV VERB DET NOUN ADP NOUN PRON VERB VERB ADP ADP NOUN	6
a3e-fragment03 55	0 0 0 0 0 0 0 0 0 0 0 0 0 1 0 0 0 0 0 0 0 0 1 0 0 0 1 0 0 0 1 0 1 1	It may be clipped classical, random cottage, modern high-tech, or some intensely personal vision of Byzantium, that no one has ever imagined before, but which exists in your head and wants to get out.	PRON VERB VERB VERB ADJ ADJ NOUN ADJ NOUN CCONJ DET ADV ADJ NOUN ADP PROPN ADP DET NOUN VERB ADV VERB ADV CCONJ ADJ VERB ADP ADJ NOUN CCONJ VERB PART VERB PART	6
kcu-fragment02 2161	1 0 0 0 0 0	by the time we've walked round	ADP DET NOUN PRON VERB ADV	1
fet-fragment01 147	0 0 0 0 0 0 0 0 0 0 0 0 0 0 0 1 1 0 0 0 0 0 0 0 0 1 0 0 0 1 0 0 0 0 0 0 0 1 1 0 0	The picture was signed" Madeleine Bernard", and Alexander told Frederica that Gauguin had flirted seriously with that young woman, had characterised her, as was fashionable at the time, as having the desirable, unattainable androgynous perfection, complete sensuality combined with unattainable self-sufficiency.	DET NOUN VERB VERB PROPN PROPN CCONJ PROPN VERB PROPN ADP PROPN VERB VERB ADV ADP DET ADJ NOUN VERB VERB PRON ADP VERB ADJ ADP DET NOUN ADP VERB DET ADJ ADJ ADJ NOUN ADJ NOUN VERB ADP ADJ NOUN	6
b1g-fragment02 1358	0 0 0 0 0 0 0 0 0 0 0 0 0 0 0 0 0 0 0 0 0 0 0 0 0 0 0 0 0	Other spatially referenced data incorporated into the system include those on the distribution of schools, medical and transport services which can be displayed and supplementary information about them obtained.	ADJ ADV VERB NOUN VERB ADP DET NOUN VERB DET ADP DET NOUN ADP NOUN ADJ CCONJ NOUN NOUN ADJ VERB VERB VERB CCONJ ADJ NOUN ADP PRON VERB	0
clp-fragment01 814	1 0 0 1 1 0 0 0 1 0 0 0 0 0	Size provides a cushion to the vicissitudes of markets but it creates other problems.	PROPN VERB DET NOUN ADP DET NOUN ADP NOUN CCONJ PRON VERB ADJ NOUN	4
a3c-fragment05 246	1 0 0 0 1 0 0 0 0 0 1 0 0 0 0 0 1 0 0 0 0	These are sensuous pleasures at their most enjoyable when we ritualise them, but how do we feel when we desire them?	DET VERB ADJ NOUN ADP ADJ ADV ADJ ADV PRON VERB PRON CCONJ ADV VERB PRON VERB ADV PRON VERB PRON	4
a1f-fragment07 155	0 0 0 0 0 0 0 0 1 0 0 0 1 0 0 0 1 0 1 0 0 0 0 1 1 0 0 1 1 0 1 0	The sharply reduced number of 16-18-year-olds will inevitably lead employers to bid up the wages of that age group to entice young people away from education and into unskilled or semi-skilled jobs.	DET ADV VERB NOUN ADP NOUN VERB ADV VERB NOUN PART VERB PART DET NOUN ADP DET NOUN NOUN PART VERB ADJ NOUN ADV ADP NOUN CCONJ ADP ADJ CCONJ ADJ NOUN	9
c8t-fragment01 115	0 0 0 0 0 0 0 0 0 0 0 0 1 0 1 0 0 0 0 0 1 0 0 0 0 1 0 0 1 0	She reminded him of pictures of the young Elizabeth Tudor, the same red-gold hair framing a curiously adult face both secretive and self-composed, the same sharp nose and wary eyes.	PRON VERB PRON ADP NOUN ADP DET ADJ PROPN PROPN DET ADJ NOUN NOUN VERB DET ADV NOUN NOUN DET ADJ CCONJ VERB DET ADJ ADJ NOUN CCONJ ADJ NOUN	5
as6-fragment01 9	0 0 0 0 0 0 0 0 0 0 1 0 0 1 0 0 0 0 0 0 0 0 0 0 0 0 0	Meanwhile bad housing, bad sanitation, lack of education, and other perennial ills associated with overcrowding and poverty have been routinely denounced by political leaders and social reformers.	ADV ADJ NOUN ADJ NOUN NOUN ADP NOUN CCONJ ADJ ADJ NOUN VERB ADP ADJ CCONJ NOUN VERB VERB ADV VERB ADP ADJ NOUN CCONJ ADJ NOUN	2
kbd-fragment07 2266	0 0 0 0 0 0	Mind you, I thought oh yeah.	VERB PRON PRON VERB INTJ INTJ	0
